,State,Drug,Potency,Net Grams,Year Seized,Month Seized,USD Price
0,GA,METHAMPHETAMINE,87.0,0.57,2014,1,0.0
1,CA,METHAMPHETAMINE,99.0,70.0,2014,1,0.0
2,NM,METHAMPHETAMINE,98.0,1300.0,2014,1,0.0
3,CA,METHAMPHETAMINE,81.0,900.0,2014,1,0.0
4,CA,METHAMPHETAMINE,99.0,3.0,2014,1,0.0
5,NV,METHAMPHETAMINE,99.0,110.0,2014,1,1600.0
6,OR,METHAMPHETAMINE,71.0,32.0,2014,1,0.0
7,MS,METHAMPHETAMINE,99.0,6100.0,2014,1,0.0
8,TX,METHAMPHETAMINE,100.0,1.5,2014,1,0.0
10,TX,METHAMPHETAMINE,97.0,26.0,2014,1,0.0
11,CO,METHAMPHETAMINE,100.0,28.0,2014,1,900.0
12,CA,METHAMPHETAMINE,98.0,3.0,2014,1,0.0
13,VA,METHAMPHETAMINE,96.0,2.8,2014,1,0.0
14,KS,METHAMPHETAMINE,100.0,4500.0,2014,1,0.0
15,MS,METHAMPHETAMINE,98.0,360.0,2014,1,0.0
16,TX,METHAMPHETAMINE,89.0,830.0,2014,1,0.0
17,CA,METHAMPHETAMINE,88.0,56.0,2014,1,900.0
18,NM,METHAMPHETAMINE,100.0,8.7,2014,1,0.0
19,CA,METHAMPHETAMINE,100.0,5400.0,2014,1,0.0
20,CA,METHAMPHETAMINE,0.0,0.37,2014,1,0.0
21,MO,METHAMPHETAMINE,89.0,0.54,2014,1,0.0
22,TX,METHAMPHETAMINE,98.0,6.8,2014,1,0.0
23,WA,METHAMPHETAMINE,99.0,110.0,2014,1,2200.0
24,OK,METHAMPHETAMINE,0.0,0.001,2014,1,0.0
25,GA,METHAMPHETAMINE,90.0,0.5,2014,1,0.0
26,AZ,METHAMPHETAMINE,98.0,3.0,2014,1,0.0
27,CA,METHAMPHETAMINE,99.0,14000.0,2014,1,0.0
28,TX,METHAMPHETAMINE,98.0,100.0,2014,1,0.0
29,IA,METHAMPHETAMINE,93.0,7.0,2014,1,750.0
30,CA,METHAMPHETAMINE,99.0,890.0,2014,1,0.0
31,HI,METHAMPHETAMINE,99.0,54.0,2014,1,0.0
32,VA,METHAMPHETAMINE,95.0,14.0,2014,1,0.0
33,TX,METHAMPHETAMINE,91.0,53.0,2014,1,2400.0
34,TX,METHAMPHETAMINE,90.0,5300.0,2014,1,0.0
35,NV,METHAMPHETAMINE,100.0,450.0,2014,1,5000.0
36,NM,METHAMPHETAMINE,99.0,55.0,2014,1,1700.0
37,OR,METHAMPHETAMINE,100.0,3.2,2014,1,0.0
38,CA,METHAMPHETAMINE,99.0,3.0,2014,1,800.0
39,NM,METHAMPHETAMINE,98.0,27.0,2014,1,0.0
40,LA,METHAMPHETAMINE,76.0,0.34,2014,1,0.0
41,CA,METHAMPHETAMINE,99.0,110.0,2014,1,2300.0
42,CA,METHAMPHETAMINE,99.0,26.0,2014,1,650.0
43,TX,METHAMPHETAMINE,100.0,1.4,2014,1,0.0
44,NM,METHAMPHETAMINE,0.0,0.044000000000000004,2014,1,0.0
45,SD,METHAMPHETAMINE,99.0,64.0,2014,1,0.0
46,CA,METHAMPHETAMINE,98.0,900.0,2014,1,0.0
47,NM,METHAMPHETAMINE,99.0,28.0,2014,1,1000.0
48,TX,METHAMPHETAMINE,100.0,450.0,2014,1,0.0
49,CA,METHAMPHETAMINE,100.0,26.0,2014,1,700.0
50,MS,METHAMPHETAMINE,99.0,680.0,2014,1,0.0
51,AR,METHAMPHETAMINE,304.0,220.0,2014,1,0.0
52,IA,METHAMPHETAMINE,100.0,14.0,2014,1,1400.0
53,OR,METHAMPHETAMINE,99.0,880.0,2014,1,0.0
54,MT,METHAMPHETAMINE,0.0,72.0,2014,1,0.0
55,AR,METHAMPHETAMINE,96.0,6.0,2014,1,380.0
56,WA,METHAMPHETAMINE,99.0,12.0,2014,1,450.0
57,TX,METHAMPHETAMINE,98.0,530.0,2014,1,0.0
58,TX,METHAMPHETAMINE,100.0,520.0,2014,1,0.0
59,LA,METHAMPHETAMINE,97.0,110.0,2014,1,710.0
60,MO,METHAMPHETAMINE,100.0,890.0,2014,1,0.0
61,NM,METHAMPHETAMINE,0.0,28.0,2014,1,1000.0
62,GA,METHAMPHETAMINE,0.0,0.19,2014,1,0.0
63,TX,METHAMPHETAMINE,98.0,410.0,2014,1,0.0
64,TX,METHAMPHETAMINE,100.0,52.0,2014,1,2400.0
65,OK,METHAMPHETAMINE,88.0,6.8,2014,1,450.0
66,SD,METHAMPHETAMINE,99.0,17.0,2014,1,0.0
67,TX,METHAMPHETAMINE,96.0,4000.0,2014,1,0.0
68,FL,METHAMPHETAMINE,0.0,0.001,2014,1,0.0
69,MO,METHAMPHETAMINE,100.0,26.0,2014,1,2400.0
70,TX,METHAMPHETAMINE,99.0,110.0,2014,1,0.0
71,NM,METHAMPHETAMINE,99.0,28.0,2014,1,850.0
72,AR,METHAMPHETAMINE,100.0,440.0,2014,1,0.0
73,NM,METHAMPHETAMINE,100.0,2500.0,2014,1,0.0
74,OR,METHAMPHETAMINE,100.0,480.0,2014,1,0.0
75,OK,METHAMPHETAMINE,67.0,3000.0,2014,1,0.0
76,TX,METHAMPHETAMINE,99.0,28.0,2014,1,1500.0
77,OK,METHAMPHETAMINE,99.0,2000.0,2014,1,0.0
78,OK,METHAMPHETAMINE,97.0,410.0,2014,1,0.0
79,CA,METHAMPHETAMINE,98.0,8900.0,2014,1,0.0
80,NM,METHAMPHETAMINE,99.0,2.3,2014,1,200.0
81,NM,METHAMPHETAMINE,100.0,2.7,2014,1,160.0
82,AR,METHAMPHETAMINE,100.0,4.3,2014,1,0.0
83,FL,METHAMPHETAMINE,0.0,0.001,2014,1,0.0
84,GA,METHAMPHETAMINE,98.0,1.0,2014,1,0.0
85,SD,METHAMPHETAMINE,98.0,1100.0,2014,1,0.0
86,NV,METHAMPHETAMINE,98.0,220.0,2014,1,3600.0
87,SC,METHAMPHETAMINE,88.0,100.0,2014,1,0.0
88,CO,METHAMPHETAMINE,100.0,1300.0,2014,1,0.0
89,FL,METHAMPHETAMINE,94.0,3000.0,2014,1,0.0
90,TX,METHAMPHETAMINE,0.0,0.001,2014,1,0.0
91,MO,METHAMPHETAMINE,89.0,15.0,2014,1,0.0
92,CA,METHAMPHETAMINE,99.0,1.6,2014,1,0.0
93,NV,METHAMPHETAMINE,100.0,26.0,2014,1,800.0
94,CA,METHAMPHETAMINE,99.0,440.0,2014,1,5700.0
95,CA,METHAMPHETAMINE,98.0,1.7,2014,1,0.0
96,UT,METHAMPHETAMINE,82.0,27.0,2014,1,0.0
97,OR,METHAMPHETAMINE,99.0,1.0,2014,1,0.0
98,CA,METHAMPHETAMINE,99.0,250.0,2014,1,0.0
99,CA,METHAMPHETAMINE,99.0,8.0,2014,1,0.0
100,NM,METHAMPHETAMINE,95.0,2500.0,2014,1,0.0
101,CA,METHAMPHETAMINE,97.0,57.0,2014,1,0.0
102,TX,METHAMPHETAMINE,97.0,1000.0,2014,1,0.0
103,LA,METHAMPHETAMINE,95.0,52.0,2014,1,430.0
104,LA,METHAMPHETAMINE,82.0,350.0,2014,1,2100.0
105,CA,METHAMPHETAMINE,97.0,6.8,2014,1,250.0
106,WA,METHAMPHETAMINE,100.0,95.0,2014,1,0.0
107,CA,METHAMPHETAMINE,95.0,1300.0,2014,1,0.0
108,NM,METHAMPHETAMINE,99.0,1.7,2014,1,120.0
109,CA,METHAMPHETAMINE,100.0,2.3,2014,1,0.0
110,AZ,METHAMPHETAMINE,98.0,2600.0,2014,1,0.0
111,OR,METHAMPHETAMINE,100.0,320.0,2014,1,0.0
112,CA,METHAMPHETAMINE,100.0,440.0,2014,1,5200.0
113,NM,METHAMPHETAMINE,98.0,430.0,2014,1,0.0
114,CA,METHAMPHETAMINE,99.0,450.0,2014,1,5500.0
115,NM,METHAMPHETAMINE,99.0,2.4,2014,1,150.0
116,WA,METHAMPHETAMINE,100.0,440.0,2014,1,0.0
117,TX,METHAMPHETAMINE,100.0,83.0,2014,1,0.0
118,NM,METHAMPHETAMINE,0.0,0.11,2014,1,0.0
119,ND,METHAMPHETAMINE,100.0,110.0,2014,1,0.0
120,OR,METHAMPHETAMINE,98.0,56.0,2014,1,0.0
121,AZ,METHAMPHETAMINE,100.0,1300.0,2014,1,0.0
122,NM,METHAMPHETAMINE,99.0,47.0,2014,1,0.0
123,CA,METHAMPHETAMINE,9.0,15000.0,2014,1,0.0
124,MT,METHAMPHETAMINE,94.0,210.0,2014,1,0.0
125,TX,METHAMPHETAMINE,100.0,270.0,2014,1,0.0
126,TX,METHAMPHETAMINE,809.0,2900.0,2014,1,0.0
127,OK,METHAMPHETAMINE,99.0,290.0,2014,1,0.0
128,NM,METHAMPHETAMINE,99.0,1800.0,2014,1,0.0
129,TN,METHAMPHETAMINE,65.0,21.0,2014,1,0.0
130,TX,METHAMPHETAMINE,99.0,110.0,2014,1,0.0
131,TX,METHAMPHETAMINE,99.0,18000.0,2014,1,0.0
132,SD,METHAMPHETAMINE,95.0,660.0,2014,1,0.0
133,OK,METHAMPHETAMINE,100.0,2.2,2014,1,0.0
134,CA,METHAMPHETAMINE,98.0,28.0,2014,1,800.0
135,AZ,METHAMPHETAMINE,99.0,0.4,2014,1,0.0
136,NM,METHAMPHETAMINE,100.0,1.0,2014,1,100.0
137,CA,METHAMPHETAMINE,0.0,0.11,2014,1,0.0
139,CA,METHAMPHETAMINE,98.0,16000.0,2014,1,0.0
140,NM,METHAMPHETAMINE,99.0,5.9,2014,1,250.0
141,TX,METHAMPHETAMINE,99.0,98.0,2014,1,0.0
142,NM,METHAMPHETAMINE,99.0,4500.0,2014,1,0.0
143,NM,METHAMPHETAMINE,99.0,0.67,2014,1,0.0
144,NV,METHAMPHETAMINE,98.0,3.0,2014,1,1600.0
145,CO,METHAMPHETAMINE,99.0,510.0,2014,1,0.0
146,CA,METHAMPHETAMINE,99.0,28.0,2014,1,800.0
147,NM,METHAMPHETAMINE,99.0,1300.0,2014,1,0.0
148,TX,METHAMPHETAMINE,100.0,14.0,2014,1,0.0
149,NM,METHAMPHETAMINE,97.0,1.6,2014,1,100.0
150,MO,METHAMPHETAMINE,76.0,30.0,2014,1,0.0
151,WA,METHAMPHETAMINE,99.0,28.0,2014,1,700.0
152,NM,METHAMPHETAMINE,99.0,2.5,2014,1,150.0
153,CA,METHAMPHETAMINE,99.0,90.0,2014,1,0.0
154,CA,METHAMPHETAMINE,100.0,110.0,2014,1,2800.0
155,CA,METHAMPHETAMINE,99.0,56.0,2014,1,1200.0
156,NM,METHAMPHETAMINE,98.0,440.0,2014,1,0.0
157,FL,METHAMPHETAMINE,0.0,0.001,2014,1,0.0
158,GA,METHAMPHETAMINE,93.0,220.0,2014,1,5500.0
159,OK,METHAMPHETAMINE,97.0,28.0,2014,1,0.0
160,OR,METHAMPHETAMINE,82.0,28.0,2014,1,0.0
161,WA,METHAMPHETAMINE,99.0,24.0,2014,1,0.0
162,CA,METHAMPHETAMINE,100.0,1200.0,2014,2,0.0
163,WA,METHAMPHETAMINE,99.0,100.0,2014,2,4000.0
164,NV,METHAMPHETAMINE,99.0,110.0,2014,2,0.0
165,CA,METHAMPHETAMINE,99.0,110.0,2014,2,0.0
166,TN,METHAMPHETAMINE,97.0,130.0,2014,2,0.0
167,TX,METHAMPHETAMINE,89.0,100.0,2014,2,0.0
168,FL,METHAMPHETAMINE,0.0,0.001,2014,2,0.0
169,AZ,METHAMPHETAMINE,99.0,1.5,2014,2,120.0
170,AZ,METHAMPHETAMINE,98.0,0.62,2014,2,60.0
171,AZ,METHAMPHETAMINE,99.0,0.69,2014,2,60.0
172,NV,METHAMPHETAMINE,98.0,28.0,2014,2,800.0
173,NV,METHAMPHETAMINE,100.0,28.0,2014,2,800.0
174,CA,METHAMPHETAMINE,88.0,3300.0,2014,2,0.0
175,WA,METHAMPHETAMINE,100.0,8.9,2014,2,0.0
176,AR,METHAMPHETAMINE,77.0,11.0,2014,2,600.0
177,CA,METHAMPHETAMINE,100.0,0.56,2014,2,0.0
178,OK,METHAMPHETAMINE,75.0,3500.0,2014,2,0.0
179,NM,METHAMPHETAMINE,100.0,0.18,2014,2,0.0
180,CA,METHAMPHETAMINE,5.0,3500.0,2014,2,0.0
181,CA,METHAMPHETAMINE,99.0,4300.0,2014,2,0.0
182,GA,METHAMPHETAMINE,95.0,4.1,2014,2,0.0
183,MS,METHAMPHETAMINE,98.0,2900.0,2014,2,0.0
184,FL,METHAMPHETAMINE,0.0,0.001,2014,2,0.0
185,CA,METHAMPHETAMINE,0.0,0.55,2014,2,0.0
186,IA,METHAMPHETAMINE,80.0,28.0,2014,2,1500.0
187,NV,METHAMPHETAMINE,100.0,28.0,2014,2,500.0
188,CA,METHAMPHETAMINE,100.0,6700.0,2014,2,0.0
189,CA,METHAMPHETAMINE,98.0,1100.0,2014,2,0.0
190,NM,METHAMPHETAMINE,98.0,11000.0,2014,2,0.0
191,TX,METHAMPHETAMINE,96.0,7.4,2014,2,0.0
192,WA,METHAMPHETAMINE,99.0,110.0,2014,2,0.0
193,TX,METHAMPHETAMINE,97.0,14.0,2014,2,0.0
194,AZ,METHAMPHETAMINE,99.0,1.4,2014,2,120.0
195,OK,METHAMPHETAMINE,93.0,2.8,2014,2,0.0
196,NE,METHAMPHETAMINE,100.0,1900.0,2014,2,0.0
197,TX,METHAMPHETAMINE,100.0,31.0,2014,2,0.0
198,CA,METHAMPHETAMINE,0.0,0.001,2014,2,0.0
199,GA,METHAMPHETAMINE,99.0,0.66,2014,2,500.0
200,NM,METHAMPHETAMINE,99.0,450.0,2014,2,0.0
201,IA,METHAMPHETAMINE,75.0,3.1,2014,2,1500.0
202,OR,METHAMPHETAMINE,91.0,52.0,2014,2,0.0
203,TX,METHAMPHETAMINE,95.0,940.0,2014,2,0.0
204,CA,METHAMPHETAMINE,89.0,220.0,2014,2,2500.0
205,TX,METHAMPHETAMINE,99.0,11000.0,2014,2,0.0
206,CA,METHAMPHETAMINE,0.0,110.0,2014,2,2800.0
207,TX,METHAMPHETAMINE,100.0,450.0,2014,2,9000.0
208,TX,METHAMPHETAMINE,97.0,0.25,2014,2,0.0
209,TX,METHAMPHETAMINE,38.0,2.1,2014,2,0.0
210,NY,METHAMPHETAMINE,100.0,0.37,2014,2,0.0
211,CA,METHAMPHETAMINE,99.0,1800.0,2014,2,0.0
212,TX,METHAMPHETAMINE,98.0,2.5,2014,2,0.0
213,AK,METHAMPHETAMINE,98.0,200.0,2014,2,0.0
214,GA,METHAMPHETAMINE,97.0,17.0,2014,2,0.0
215,WA,METHAMPHETAMINE,99.0,17.0,2014,2,0.0
216,AR,METHAMPHETAMINE,94.0,3.6,2014,2,220.0
217,TX,METHAMPHETAMINE,98.0,9.7,2014,2,1000.0
218,IA,METHAMPHETAMINE,0.0,0.055999999999999994,2014,2,0.0
219,AZ,METHAMPHETAMINE,98.0,1.6,2014,2,100.0
220,CA,METHAMPHETAMINE,98.0,2.9,2014,2,5500.0
221,MO,METHAMPHETAMINE,76.0,50.0,2014,2,0.0
222,AZ,METHAMPHETAMINE,99.0,1.5,2014,2,120.0
223,CA,METHAMPHETAMINE,99.0,1800.0,2014,2,0.0
224,MS,METHAMPHETAMINE,67.0,13.0,2014,2,830.0
225,TN,METHAMPHETAMINE,99.0,3.4,2014,2,230.0
226,NC,METHAMPHETAMINE,99.0,17.0,2014,2,0.0
227,NC,METHAMPHETAMINE,98.0,1.4,2014,2,0.0
228,TX,METHAMPHETAMINE,91.0,1300.0,2014,2,0.0
229,CA,METHAMPHETAMINE,99.0,450.0,2014,2,5500.0
230,HI,METHAMPHETAMINE,99.0,55.0,2014,2,2800.0
231,CA,METHAMPHETAMINE,0.0,0.99,2014,2,0.0
232,CA,METHAMPHETAMINE,0.0,0.001,2014,2,0.0
233,FL,METHAMPHETAMINE,0.0,0.001,2014,2,0.0
234,AZ,METHAMPHETAMINE,99.0,1.1,2014,2,70.0
235,AZ,METHAMPHETAMINE,72.0,1.7,2014,2,100.0
236,NM,METHAMPHETAMINE,94.0,5.6,2014,2,0.0
237,CA,METHAMPHETAMINE,97.0,1700.0,2014,2,0.0
238,TX,METHAMPHETAMINE,98.0,1.4,2014,2,300.0
239,TX,METHAMPHETAMINE,100.0,7.0,2014,2,0.0
240,IA,METHAMPHETAMINE,100.0,28.0,2014,2,2200.0
241,NV,METHAMPHETAMINE,97.0,220.0,2014,2,3200.0
242,NM,METHAMPHETAMINE,100.0,14.0,2014,2,500.0
243,HI,METHAMPHETAMINE,99.0,14.0,2014,2,1000.0
244,CA,METHAMPHETAMINE,0.0,0.001,2014,2,0.0
245,OK,METHAMPHETAMINE,88.0,7.1,2014,2,0.0
246,AZ,METHAMPHETAMINE,98.0,1.6,2014,2,100.0
247,AZ,METHAMPHETAMINE,96.0,1.7,2014,2,70.0
248,AK,METHAMPHETAMINE,97.0,2.9,2014,2,0.0
249,CA,METHAMPHETAMINE,99.0,0.64,2014,2,0.0
250,HI,METHAMPHETAMINE,96.0,56.0,2014,2,2800.0
251,NM,METHAMPHETAMINE,98.0,0.27,2014,2,40.0
252,FL,METHAMPHETAMINE,0.0,0.001,2014,2,0.0
253,CA,METHAMPHETAMINE,99.0,5300.0,2014,2,0.0
254,TX,METHAMPHETAMINE,100.0,9100.0,2014,2,0.0
255,AZ,METHAMPHETAMINE,99.0,0.37,2014,2,30.0
256,TX,METHAMPHETAMINE,100.0,14.0,2014,2,800.0
257,FL,METHAMPHETAMINE,0.0,13.0,2014,2,0.0
258,FL,METHAMPHETAMINE,0.0,0.001,2014,2,0.0
259,MO,METHAMPHETAMINE,100.0,190.0,2014,2,0.0
260,CA,METHAMPHETAMINE,100.0,0.53,2014,2,0.0
261,TX,METHAMPHETAMINE,94.0,4800.0,2014,2,0.0
262,TX,METHAMPHETAMINE,100.0,1.6,2014,2,0.0
263,CA,METHAMPHETAMINE,0.0,0.001,2014,2,0.0
264,CA,METHAMPHETAMINE,99.0,220.0,2014,2,3100.0
265,CA,METHAMPHETAMINE,83.0,3.3,2014,2,0.0
266,GA,METHAMPHETAMINE,97.0,230.0,2014,2,0.0
267,CA,METHAMPHETAMINE,99.0,1700.0,2014,2,0.0
268,NM,METHAMPHETAMINE,100.0,0.88,2014,2,0.0
269,CA,METHAMPHETAMINE,98.0,1.9,2014,2,0.0
270,FL,METHAMPHETAMINE,0.0,0.001,2014,2,0.0
271,FL,METHAMPHETAMINE,0.0,0.001,2014,2,0.0
272,TX,METHAMPHETAMINE,97.0,480.0,2014,2,0.0
273,OK,METHAMPHETAMINE,62.0,2.4,2014,2,0.0
274,TN,METHAMPHETAMINE,98.0,2.5,2014,2,500.0
275,NM,METHAMPHETAMINE,0.0,0.11,2014,2,0.0
276,CA,METHAMPHETAMINE,79.0,35.0,2014,2,0.0
277,IA,METHAMPHETAMINE,0.0,0.11,2014,2,0.0
278,NE,METHAMPHETAMINE,100.0,310.0,2014,2,0.0
279,CA,METHAMPHETAMINE,0.0,0.001,2014,2,0.0
280,NM,METHAMPHETAMINE,99.0,2700.0,2014,2,0.0
281,FL,METHAMPHETAMINE,0.0,0.13,2014,2,0.0
282,FL,METHAMPHETAMINE,0.0,0.001,2014,2,0.0
283,TX,METHAMPHETAMINE,97.0,1500.0,2014,2,0.0
284,NM,METHAMPHETAMINE,0.0,0.001,2014,2,0.0
285,HI,METHAMPHETAMINE,91.0,8.8,2014,2,780.0
286,MS,METHAMPHETAMINE,100.0,0.29,2014,2,19.0
287,NM,METHAMPHETAMINE,98.0,6.6,2014,2,0.0
288,TX,METHAMPHETAMINE,95.0,7800.0,2014,2,0.0
289,FL,METHAMPHETAMINE,96.0,990.0,2014,2,0.0
290,CA,METHAMPHETAMINE,98.0,10000.0,2014,2,0.0
291,TX,METHAMPHETAMINE,96.0,0.49,2014,2,0.0
292,AZ,METHAMPHETAMINE,99.0,1.4,2014,2,120.0
293,CA,METHAMPHETAMINE,100.0,5000.0,2014,2,0.0
294,GA,METHAMPHETAMINE,96.0,200.0,2014,2,0.0
295,CA,METHAMPHETAMINE,99.0,19000.0,2014,2,0.0
296,IL,METHAMPHETAMINE,100.0,1.6,2014,2,0.0
297,TX,METHAMPHETAMINE,74.0,1.1,2014,2,0.0
298,NV,METHAMPHETAMINE,98.0,450.0,2014,2,0.0
299,NE,METHAMPHETAMINE,100.0,180.0,2014,2,0.0
300,NY,METHAMPHETAMINE,99.0,220.0,2014,2,0.0
301,TX,METHAMPHETAMINE,98.0,3.5,2014,2,0.0
302,CA,METHAMPHETAMINE,0.0,0.001,2014,2,0.0
303,CA,METHAMPHETAMINE,98.0,8.7,2014,2,0.0
304,WA,METHAMPHETAMINE,100.0,1.7,2014,2,0.0
305,CA,METHAMPHETAMINE,0.0,0.001,2014,2,0.0
306,TX,METHAMPHETAMINE,100.0,0.15,2014,2,0.0
307,NM,METHAMPHETAMINE,100.0,890.0,2014,2,0.0
308,CA,METHAMPHETAMINE,99.0,9.4,2014,2,360.0
309,CA,METHAMPHETAMINE,98.0,27.0,2014,2,700.0
310,AZ,METHAMPHETAMINE,96.0,28.0,2014,2,0.0
311,OK,METHAMPHETAMINE,549.0,700.0,2014,2,0.0
312,FL,METHAMPHETAMINE,0.0,0.065,2014,2,0.0
313,CA,METHAMPHETAMINE,99.0,3600.0,2014,2,0.0
314,NV,METHAMPHETAMINE,98.0,860.0,2014,2,0.0
315,OK,METHAMPHETAMINE,0.0,0.001,2014,2,0.0
316,AZ,METHAMPHETAMINE,98.0,1.2,2014,2,120.0
317,TX,METHAMPHETAMINE,100.0,3200.0,2014,2,0.0
318,NC,METHAMPHETAMINE,0.0,190.0,2014,2,0.0
319,CA,METHAMPHETAMINE,99.0,5300.0,2014,2,0.0
320,CA,METHAMPHETAMINE,94.0,76.0,2014,2,0.0
321,TX,METHAMPHETAMINE,100.0,24.0,2014,2,0.0
322,WA,METHAMPHETAMINE,99.0,890.0,2014,2,0.0
324,NY,METHAMPHETAMINE,100.0,56.0,2014,2,0.0
325,MO,METHAMPHETAMINE,86.0,73.0,2014,2,0.0
326,TX,METHAMPHETAMINE,96.0,54.0,2014,2,1300.0
327,WA,METHAMPHETAMINE,99.0,2.9,2014,2,4000.0
328,AZ,METHAMPHETAMINE,99.0,430.0,2014,3,0.0
329,OK,METHAMPHETAMINE,100.0,4400.0,2014,3,0.0
330,TX,METHAMPHETAMINE,98.0,250.0,2014,3,0.0
331,CO,METHAMPHETAMINE,82.0,5400.0,2014,3,0.0
332,NV,METHAMPHETAMINE,99.0,450.0,2014,3,0.0
333,OK,METHAMPHETAMINE,99.0,56.0,2014,3,2400.0
334,NM,METHAMPHETAMINE,99.0,450.0,2014,3,0.0
335,CA,METHAMPHETAMINE,97.0,440.0,2014,3,0.0
336,CA,METHAMPHETAMINE,98.0,1100.0,2014,3,0.0
337,OK,METHAMPHETAMINE,98.0,140.0,2014,3,0.0
338,CA,METHAMPHETAMINE,98.0,450.0,2014,3,0.0
339,HI,METHAMPHETAMINE,98.0,2.2,2014,3,0.0
340,TX,METHAMPHETAMINE,0.0,0.001,2014,3,0.0
341,HI,METHAMPHETAMINE,99.0,28.0,2014,3,0.0
342,MI,METHAMPHETAMINE,100.0,210.0,2014,3,0.0
343,MI,METHAMPHETAMINE,100.0,3.4,2014,3,0.0
344,FL,METHAMPHETAMINE,97.0,42.0,2014,3,0.0
345,WA,METHAMPHETAMINE,90.0,280.0,2014,3,0.0
346,WA,METHAMPHETAMINE,99.0,82.0,2014,3,2300.0
347,CA,METHAMPHETAMINE,99.0,61000.0,2014,3,0.0
348,MI,METHAMPHETAMINE,89.0,170.0,2014,3,0.0
349,WA,METHAMPHETAMINE,100.0,48.0,2014,3,0.0
350,CA,METHAMPHETAMINE,99.0,1300.0,2014,3,0.0
351,WA,METHAMPHETAMINE,99.0,25.0,2014,3,0.0
352,CA,METHAMPHETAMINE,98.0,11000.0,2014,3,0.0
353,AZ,METHAMPHETAMINE,98.0,9700.0,2014,3,0.0
354,CA,METHAMPHETAMINE,100.0,2.8,2014,3,0.0
355,TX,METHAMPHETAMINE,96.0,55.0,2014,3,1500.0
356,HI,METHAMPHETAMINE,98.0,0.28,2014,3,0.0
357,AZ,METHAMPHETAMINE,99.0,15.0,2014,3,0.0
358,CA,METHAMPHETAMINE,100.0,110.0,2014,3,1500.0
359,HI,METHAMPHETAMINE,100.0,17.0,2014,3,1200.0
360,HI,METHAMPHETAMINE,100.0,56.0,2014,3,2800.0
361,TX,METHAMPHETAMINE,99.0,0.4,2014,3,0.0
362,NJ,METHAMPHETAMINE,100.0,21.0,2014,3,1900.0
363,TX,METHAMPHETAMINE,98.0,14.0,2014,3,0.0
364,LA,METHAMPHETAMINE,100.0,0.8,2014,3,0.0
365,LA,METHAMPHETAMINE,0.0,0.001,2014,3,0.0
366,MI,METHAMPHETAMINE,99.0,46.0,2014,3,0.0
367,LA,METHAMPHETAMINE,99.0,0.43,2014,3,0.0
368,TX,METHAMPHETAMINE,98.0,220.0,2014,3,0.0
369,FL,METHAMPHETAMINE,99.0,67.0,2014,3,0.0
370,CO,METHAMPHETAMINE,99.0,56.0,2014,3,1500.0
371,IA,METHAMPHETAMINE,100.0,3.3,2014,3,0.0
372,CA,METHAMPHETAMINE,98.0,1700.0,2014,3,0.0
373,FL,METHAMPHETAMINE,98.0,150.0,2014,3,0.0
374,NV,METHAMPHETAMINE,73.0,430.0,2014,3,0.0
375,MI,METHAMPHETAMINE,100.0,65.0,2014,3,0.0
376,CA,METHAMPHETAMINE,91.0,14.0,2014,3,210.0
377,TX,METHAMPHETAMINE,100.0,2.9,2014,3,0.0
378,AR,METHAMPHETAMINE,98.0,28.0,2014,3,1500.0
379,CA,METHAMPHETAMINE,100.0,1.9,2014,3,0.0
380,FL,METHAMPHETAMINE,99.0,1.7,2014,3,0.0
381,WY,METHAMPHETAMINE,99.0,0.62,2014,3,0.0
382,WY,METHAMPHETAMINE,99.0,2.4,2014,3,0.0
383,TX,METHAMPHETAMINE,96.0,1800.0,2014,3,0.0
384,CA,METHAMPHETAMINE,100.0,59.0,2014,3,0.0
385,TX,METHAMPHETAMINE,100.0,0.31,2014,3,0.0
386,TX,METHAMPHETAMINE,93.0,990.0,2014,3,0.0
387,TX,METHAMPHETAMINE,99.0,150.0,2014,3,0.0
388,MS,METHAMPHETAMINE,96.0,28.0,2014,3,2000.0
389,IN,METHAMPHETAMINE,99.0,110.0,2014,3,4000.0
390,TX,METHAMPHETAMINE,98.0,28.0,2014,3,1400.0
391,CO,METHAMPHETAMINE,98.0,84.0,2014,3,2300.0
392,WA,METHAMPHETAMINE,99.0,1800.0,2014,3,0.0
393,TX,METHAMPHETAMINE,98.0,20.0,2014,3,0.0
394,CA,METHAMPHETAMINE,100.0,110.0,2014,3,0.0
395,CA,METHAMPHETAMINE,98.0,3500.0,2014,3,0.0
396,FL,METHAMPHETAMINE,98.0,56.0,2014,3,2300.0
397,GA,METHAMPHETAMINE,100.0,14.0,2014,3,0.0
398,HI,METHAMPHETAMINE,95.0,280.0,2014,3,0.0
399,GA,METHAMPHETAMINE,97.0,2.0,2014,3,400.0
400,TX,METHAMPHETAMINE,96.0,0.38,2014,3,0.0
401,CA,METHAMPHETAMINE,95.0,460.0,2014,3,4300.0
402,CA,METHAMPHETAMINE,100.0,28.0,2014,3,550.0
403,OR,METHAMPHETAMINE,99.0,840.0,2014,3,0.0
404,TN,METHAMPHETAMINE,100.0,3.5,2014,3,230.0
405,CA,METHAMPHETAMINE,98.0,49.0,2014,3,2100.0
406,CA,METHAMPHETAMINE,98.0,87.0,2014,3,0.0
407,TX,METHAMPHETAMINE,99.0,10.0,2014,3,0.0
408,FL,METHAMPHETAMINE,98.0,33.0,2014,3,0.0
409,AR,METHAMPHETAMINE,99.0,25.0,2014,3,1600.0
410,TN,METHAMPHETAMINE,100.0,28.0,2014,3,1200.0
411,CA,METHAMPHETAMINE,100.0,28.0,2014,3,0.0
412,OK,METHAMPHETAMINE,98.0,2.4,2014,3,0.0
413,MO,METHAMPHETAMINE,82.0,36.0,2014,3,2100.0
414,WA,METHAMPHETAMINE,87.0,64.0,2014,3,0.0
415,UT,METHAMPHETAMINE,97.0,1700.0,2014,3,0.0
416,MO,METHAMPHETAMINE,100.0,56.0,2014,3,0.0
417,CA,METHAMPHETAMINE,0.0,0.083,2014,3,0.0
418,LA,METHAMPHETAMINE,95.0,110.0,2014,3,0.0
419,OK,METHAMPHETAMINE,98.0,9000.0,2014,3,0.0
420,IA,METHAMPHETAMINE,100.0,430.0,2014,3,0.0
421,CO,METHAMPHETAMINE,99.0,6700.0,2014,3,0.0
422,CA,METHAMPHETAMINE,100.0,9.1,2014,3,0.0
423,FL,METHAMPHETAMINE,98.0,56.0,2014,3,0.0
424,WA,METHAMPHETAMINE,100.0,28.0,2014,3,0.0
425,CA,METHAMPHETAMINE,99.0,110.0,2014,3,0.0
426,MS,METHAMPHETAMINE,99.0,7500.0,2014,3,0.0
427,MS,METHAMPHETAMINE,93.0,53.0,2014,3,1900.0
428,OR,METHAMPHETAMINE,99.0,56.0,2014,3,0.0
429,TX,METHAMPHETAMINE,99.0,820.0,2014,3,0.0
430,TX,METHAMPHETAMINE,97.0,150.0,2014,3,0.0
431,TX,METHAMPHETAMINE,94.0,420.0,2014,3,0.0
432,MT,METHAMPHETAMINE,0.0,0.4,2014,3,0.0
433,LA,METHAMPHETAMINE,100.0,1.5,2014,3,300.0
434,AZ,METHAMPHETAMINE,97.0,390.0,2014,3,0.0
435,SD,METHAMPHETAMINE,92.0,170.0,2014,3,0.0
436,AZ,METHAMPHETAMINE,100.0,17.0,2014,3,0.0
437,WA,METHAMPHETAMINE,96.0,3.0,2014,3,0.0
438,HI,METHAMPHETAMINE,98.0,21.0,2014,3,0.0
439,GA,METHAMPHETAMINE,97.0,350.0,2014,3,0.0
440,FL,METHAMPHETAMINE,75.0,460.0,2014,3,0.0
441,WA,METHAMPHETAMINE,100.0,28.0,2014,3,0.0
442,IA,METHAMPHETAMINE,100.0,8.0,2014,3,800.0
443,CA,METHAMPHETAMINE,98.0,680.0,2014,3,0.0
444,TX,METHAMPHETAMINE,98.0,990.0,2014,3,0.0
445,TN,METHAMPHETAMINE,100.0,3.5,2014,3,230.0
446,OK,METHAMPHETAMINE,99.0,39.0,2014,3,0.0
447,TX,METHAMPHETAMINE,97.0,2200.0,2014,3,0.0
448,GA,METHAMPHETAMINE,97.0,200.0,2014,3,0.0
449,AR,METHAMPHETAMINE,100.0,56.0,2014,3,2400.0
450,FL,METHAMPHETAMINE,98.0,420.0,2014,3,0.0
451,NV,METHAMPHETAMINE,98.0,450.0,2014,3,0.0
452,WA,METHAMPHETAMINE,80.0,0.97,2014,3,0.0
453,TX,METHAMPHETAMINE,99.0,5300.0,2014,3,0.0
454,TX,METHAMPHETAMINE,99.0,2200.0,2014,3,0.0
455,HI,METHAMPHETAMINE,100.0,3.9,2014,3,0.0
456,CA,METHAMPHETAMINE,98.0,15.0,2014,3,0.0
457,AZ,METHAMPHETAMINE,99.0,1.0,2014,3,0.0
458,CA,METHAMPHETAMINE,100.0,59.0,2014,3,0.0
459,AR,METHAMPHETAMINE,96.0,30.0,2014,3,1600.0
460,WY,METHAMPHETAMINE,100.0,9.0,2014,3,0.0
461,OR,METHAMPHETAMINE,100.0,490.0,2014,3,0.0
462,TX,METHAMPHETAMINE,95.0,14.0,2014,3,0.0
463,IL,METHAMPHETAMINE,99.0,220.0,2014,3,0.0
464,CA,METHAMPHETAMINE,99.0,55.0,2014,3,1100.0
465,NV,METHAMPHETAMINE,100.0,28.0,2014,3,530.0
466,TX,METHAMPHETAMINE,98.0,88.0,2014,3,0.0
467,LA,METHAMPHETAMINE,100.0,2.9,2014,3,0.0
468,NM,METHAMPHETAMINE,100.0,3000.0,2014,3,0.0
469,TX,METHAMPHETAMINE,96.0,2.7,2014,3,1500.0
470,CA,METHAMPHETAMINE,100.0,880.0,2014,3,0.0
471,AR,METHAMPHETAMINE,97.0,1.6,2014,3,0.0
472,FL,METHAMPHETAMINE,98.0,450.0,2014,3,0.0
473,WA,METHAMPHETAMINE,100.0,8.5,2014,3,0.0
474,CA,METHAMPHETAMINE,99.0,440.0,2014,3,3000.0
475,HI,METHAMPHETAMINE,99.0,1.0,2014,3,0.0
476,NV,METHAMPHETAMINE,81.0,440.0,2014,3,0.0
477,TX,METHAMPHETAMINE,98.0,110.0,2014,3,0.0
478,WA,METHAMPHETAMINE,63.0,46.0,2014,3,0.0
479,WA,METHAMPHETAMINE,99.0,240.0,2014,3,0.0
480,FL,METHAMPHETAMINE,0.0,3.5,2014,3,0.0
481,TX,METHAMPHETAMINE,0.0,0.1,2014,3,0.0
482,CO,METHAMPHETAMINE,98.0,54.0,2014,3,1800.0
483,WA,METHAMPHETAMINE,100.0,100.0,2014,3,0.0
484,SD,METHAMPHETAMINE,87.0,230.0,2014,3,9200.0
485,CO,METHAMPHETAMINE,83.0,5400.0,2014,3,0.0
486,CO,METHAMPHETAMINE,100.0,56.0,2014,3,1500.0
487,CO,METHAMPHETAMINE,99.0,57.0,2014,3,1500.0
488,NV,METHAMPHETAMINE,79.0,440.0,2014,3,0.0
489,IL,METHAMPHETAMINE,100.0,4.9,2014,3,0.0
490,IA,METHAMPHETAMINE,100.0,28.0,2014,3,0.0
491,NJ,METHAMPHETAMINE,100.0,25.0,2014,3,2300.0
492,TX,METHAMPHETAMINE,97.0,0.73,2014,3,0.0
493,HI,METHAMPHETAMINE,99.0,84.0,2014,3,0.0
494,HI,METHAMPHETAMINE,0.0,0.001,2014,3,0.0
496,OK,METHAMPHETAMINE,78.0,450.0,2014,3,0.0
497,NM,METHAMPHETAMINE,100.0,4500.0,2014,3,0.0
498,NV,METHAMPHETAMINE,87.0,1.7,2014,3,0.0
499,OK,METHAMPHETAMINE,100.0,6.2,2014,3,0.0
500,OK,METHAMPHETAMINE,89.0,440.0,2014,3,0.0
501,OR,METHAMPHETAMINE,99.0,440.0,2014,3,0.0
502,WY,METHAMPHETAMINE,100.0,17.0,2014,3,0.0
503,CA,METHAMPHETAMINE,100.0,340.0,2014,3,0.0
504,AZ,METHAMPHETAMINE,97.0,400.0,2014,3,0.0
505,TX,METHAMPHETAMINE,0.0,0.001,2014,3,0.0
506,TX,METHAMPHETAMINE,99.0,100.0,2014,3,0.0
507,AZ,METHAMPHETAMINE,100.0,4000.0,2014,3,0.0
508,WY,METHAMPHETAMINE,92.0,0.35,2014,3,0.0
509,OR,METHAMPHETAMINE,99.0,3500.0,2014,3,0.0
510,MI,METHAMPHETAMINE,100.0,800.0,2014,3,0.0
511,TX,METHAMPHETAMINE,99.0,450.0,2014,3,14000.0
512,MO,METHAMPHETAMINE,95.0,110.0,2014,3,0.0
513,CA,METHAMPHETAMINE,99.0,4000.0,2014,3,0.0
514,NV,METHAMPHETAMINE,94.0,18.0,2014,3,0.0
515,WY,METHAMPHETAMINE,89.0,55.0,2014,3,0.0
516,LA,METHAMPHETAMINE,100.0,0.84,2014,3,290.0
517,TX,METHAMPHETAMINE,97.0,3000.0,2014,3,0.0
518,TX,METHAMPHETAMINE,99.0,960.0,2014,3,0.0
519,FL,METHAMPHETAMINE,0.0,0.001,2014,3,0.0
520,TX,METHAMPHETAMINE,94.0,1.9,2014,3,0.0
521,LA,METHAMPHETAMINE,100.0,230.0,2014,3,0.0
522,LA,METHAMPHETAMINE,100.0,6.6,2014,3,0.0
523,TX,METHAMPHETAMINE,98.0,280.0,2014,3,0.0
524,MT,METHAMPHETAMINE,99.0,24.0,2014,3,0.0
525,CA,METHAMPHETAMINE,100.0,110.0,2014,3,0.0
526,NM,METHAMPHETAMINE,93.0,110.0,2014,4,4300.0
527,HI,METHAMPHETAMINE,99.0,56.0,2014,4,2400.0
528,CA,METHAMPHETAMINE,100.0,60.0,2014,4,0.0
529,TX,METHAMPHETAMINE,96.0,190.0,2014,4,4500.0
530,AZ,METHAMPHETAMINE,100.0,2.8,2014,4,0.0
531,OR,METHAMPHETAMINE,99.0,27.0,2014,4,800.0
532,AZ,METHAMPHETAMINE,0.0,0.001,2014,4,0.0
533,NV,METHAMPHETAMINE,90.0,890.0,2014,4,0.0
534,GA,METHAMPHETAMINE,97.0,160.0,2014,4,0.0
536,CA,METHAMPHETAMINE,90.0,110.0,2014,4,0.0
537,TX,METHAMPHETAMINE,0.0,8300.0,2014,4,0.0
538,AR,METHAMPHETAMINE,100.0,27.0,2014,4,1400.0
539,AR,METHAMPHETAMINE,97.0,1300.0,2014,4,0.0
540,FL,METHAMPHETAMINE,95.0,0.77,2014,4,0.0
541,TX,METHAMPHETAMINE,92.0,7.3,2014,4,0.0
542,OR,METHAMPHETAMINE,99.0,28.0,2014,4,700.0
543,TX,METHAMPHETAMINE,58.0,250.0,2014,4,0.0
544,AZ,METHAMPHETAMINE,0.0,0.001,2014,4,0.0
546,OK,METHAMPHETAMINE,0.0,0.001,2014,4,0.0
547,MO,METHAMPHETAMINE,100.0,5.0,2014,4,0.0
548,WA,METHAMPHETAMINE,98.0,28.0,2014,4,700.0
549,MS,METHAMPHETAMINE,97.0,26.0,2014,4,0.0
550,AR,METHAMPHETAMINE,99.0,59.0,2014,4,1800.0
551,NJ,METHAMPHETAMINE,6.0,0.75,2014,4,0.0
552,GA,METHAMPHETAMINE,98.0,3.1,2014,4,3000.0
553,CA,METHAMPHETAMINE,93.0,220.0,2014,4,2300.0
554,AZ,METHAMPHETAMINE,100.0,25.0,2014,4,0.0
555,AR,METHAMPHETAMINE,97.0,28.0,2014,4,1100.0
556,TX,METHAMPHETAMINE,100.0,3.9,2014,4,0.0
557,FL,METHAMPHETAMINE,84.0,3.2,2014,4,0.0
558,NM,METHAMPHETAMINE,100.0,56.0,2014,4,2300.0
559,CA,METHAMPHETAMINE,99.0,28.0,2014,4,500.0
560,SC,METHAMPHETAMINE,0.0,0.001,2014,4,0.0
561,TX,METHAMPHETAMINE,99.0,28.0,2014,4,800.0
562,TX,METHAMPHETAMINE,97.0,200.0,2014,4,0.0
563,TX,METHAMPHETAMINE,98.0,12000.0,2014,4,0.0
564,TX,METHAMPHETAMINE,99.0,670.0,2014,4,0.0
566,GA,METHAMPHETAMINE,100.0,89.0,2014,4,3000.0
567,CA,METHAMPHETAMINE,97.0,110.0,2014,4,1400.0
568,MI,METHAMPHETAMINE,4.0,0.63,2014,4,0.0
569,NM,METHAMPHETAMINE,97.0,2200.0,2014,4,0.0
570,OK,METHAMPHETAMINE,70.0,130.0,2014,4,0.0
571,FL,METHAMPHETAMINE,97.0,13.0,2014,4,0.0
572,FL,METHAMPHETAMINE,98.0,2700.0,2014,4,0.0
573,TX,METHAMPHETAMINE,97.0,14000.0,2014,4,0.0
574,GM,METHAMPHETAMINE,0.0,0.001,2014,4,0.0
575,NV,METHAMPHETAMINE,100.0,28.0,2014,4,400.0
576,MO,METHAMPHETAMINE,100.0,560.0,2014,4,0.0
577,FL,METHAMPHETAMINE,0.0,1.9,2014,4,0.0
578,OR,METHAMPHETAMINE,89.0,0.98,2014,4,0.0
579,NB,METHAMPHETAMINE,0.0,0.1,2014,4,0.0
580,OK,METHAMPHETAMINE,86.0,610.0,2014,4,0.0
581,CA,METHAMPHETAMINE,100.0,28.0,2014,4,0.0
582,MN,METHAMPHETAMINE,100.0,280.0,2014,4,0.0
583,MO,METHAMPHETAMINE,100.0,230.0,2014,4,0.0
584,CA,METHAMPHETAMINE,595.0,140.0,2014,4,0.0
585,AK,METHAMPHETAMINE,99.0,2.5,2014,4,0.0
586,CA,METHAMPHETAMINE,99.0,1.6,2014,4,0.0
587,MO,METHAMPHETAMINE,99.0,55.0,2014,4,0.0
588,FL,METHAMPHETAMINE,0.0,0.001,2014,4,0.0
589,TX,METHAMPHETAMINE,81.0,1200.0,2014,4,0.0
590,TX,METHAMPHETAMINE,95.0,28.0,2014,4,700.0
591,TX,METHAMPHETAMINE,99.0,83.0,2014,4,0.0
592,HI,METHAMPHETAMINE,100.0,28.0,2014,4,1400.0
593,FL,METHAMPHETAMINE,97.0,110.0,2014,4,2500.0
595,MO,METHAMPHETAMINE,98.0,2.9,2014,4,0.0
596,FL,METHAMPHETAMINE,96.0,27.0,2014,4,0.0
597,NM,METHAMPHETAMINE,89.0,440.0,2014,4,0.0
598,TX,METHAMPHETAMINE,97.0,1700.0,2014,4,0.0
599,FL,METHAMPHETAMINE,94.0,120.0,2014,4,0.0
600,TX,METHAMPHETAMINE,99.0,9800.0,2014,4,0.0
601,CA,METHAMPHETAMINE,100.0,1.9,2014,4,0.0
602,CA,METHAMPHETAMINE,99.0,170.0,2014,4,0.0
603,CA,METHAMPHETAMINE,99.0,0.001,2014,4,0.0
604,OK,METHAMPHETAMINE,77.0,3.4,2014,4,250.0
605,AK,METHAMPHETAMINE,99.0,0.45,2014,4,0.0
606,NV,METHAMPHETAMINE,100.0,430.0,2014,4,0.0
607,WA,METHAMPHETAMINE,99.0,3.7,2014,4,0.0
608,FL,METHAMPHETAMINE,92.0,36.0,2014,4,0.0
609,AR,METHAMPHETAMINE,100.0,83.0,2014,4,1400.0
610,FL,METHAMPHETAMINE,96.0,990.0,2014,4,0.0
611,FL,METHAMPHETAMINE,99.0,26.0,2014,4,0.0
612,OK,METHAMPHETAMINE,94.0,0.44,2014,4,0.0
613,CA,METHAMPHETAMINE,99.0,13.0,2014,4,0.0
614,TX,METHAMPHETAMINE,0.0,0.001,2014,4,0.0
615,MT,METHAMPHETAMINE,97.0,1800.0,2014,4,0.0
616,CA,METHAMPHETAMINE,99.0,5300.0,2014,4,0.0
617,HI,METHAMPHETAMINE,99.0,110.0,2014,4,5400.0
618,WA,METHAMPHETAMINE,98.0,55.0,2014,4,1400.0
619,OK,METHAMPHETAMINE,0.0,0.33,2014,4,0.0
620,TX,METHAMPHETAMINE,97.0,1.4,2014,4,0.0
621,AR,METHAMPHETAMINE,98.0,41.0,2014,4,1700.0
622,CA,METHAMPHETAMINE,99.0,73.0,2014,4,0.0
623,MN,METHAMPHETAMINE,100.0,0.83,2014,4,0.0
624,MN,METHAMPHETAMINE,100.0,510.0,2014,4,0.0
625,CA,METHAMPHETAMINE,89.0,28.0,2014,4,0.0
627,OK,METHAMPHETAMINE,68.0,10.0,2014,4,0.0
628,MO,METHAMPHETAMINE,84.0,27.0,2014,4,1600.0
630,TX,METHAMPHETAMINE,91.0,0.26,2014,4,0.0
631,NV,METHAMPHETAMINE,100.0,0.67,2014,4,0.0
632,CA,METHAMPHETAMINE,99.0,2.9,2014,4,0.0
634,TX,METHAMPHETAMINE,0.0,0.078,2014,4,0.0
635,AR,METHAMPHETAMINE,99.0,1.5,2014,4,0.0
636,WY,METHAMPHETAMINE,88.0,130.0,2014,4,0.0
637,CO,METHAMPHETAMINE,99.0,55.0,2014,4,1500.0
638,NJ,METHAMPHETAMINE,70.0,28.0,2014,4,1900.0
639,NM,METHAMPHETAMINE,98.0,3.3,2014,4,0.0
640,MO,METHAMPHETAMINE,99.0,28.0,2014,4,0.0
641,AZ,METHAMPHETAMINE,99.0,5900.0,2014,4,0.0
642,CA,METHAMPHETAMINE,100.0,450.0,2014,4,0.0
643,MO,METHAMPHETAMINE,82.0,3.0,2014,4,1600.0
644,TX,METHAMPHETAMINE,99.0,4.5,2014,4,0.0
645,MN,METHAMPHETAMINE,100.0,440.0,2014,4,0.0
647,MO,METHAMPHETAMINE,99.0,340.0,2014,4,0.0
648,TX,METHAMPHETAMINE,100.0,160.0,2014,4,0.0
649,AR,METHAMPHETAMINE,97.0,26.0,2014,4,1600.0
650,FL,METHAMPHETAMINE,0.0,1.0,2014,4,0.0
651,CA,METHAMPHETAMINE,100.0,54.0,2014,4,600.0
652,PA,METHAMPHETAMINE,98.0,28.0,2014,4,2400.0
653,FL,METHAMPHETAMINE,98.0,55.0,2014,4,2000.0
654,MN,METHAMPHETAMINE,100.0,220.0,2014,4,11000.0
655,AL,METHAMPHETAMINE,99.0,990.0,2014,4,0.0
656,AR,METHAMPHETAMINE,96.0,67.0,2014,4,4400.0
657,SD,METHAMPHETAMINE,99.0,2.9,2014,4,0.0
658,CA,METHAMPHETAMINE,86.0,5.9,2014,4,0.0
659,TX,METHAMPHETAMINE,98.0,94.0,2014,4,0.0
660,CA,METHAMPHETAMINE,98.0,1300.0,2014,4,0.0
661,TX,METHAMPHETAMINE,98.0,15000.0,2014,4,0.0
662,OK,METHAMPHETAMINE,0.0,0.001,2014,4,0.0
663,AR,METHAMPHETAMINE,100.0,450.0,2014,4,0.0
664,AR,METHAMPHETAMINE,98.0,450.0,2014,4,0.0
665,CA,METHAMPHETAMINE,99.0,1400.0,2014,4,0.0
666,SC,METHAMPHETAMINE,0.0,0.001,2014,4,0.0
667,SC,METHAMPHETAMINE,0.0,0.001,2014,4,0.0
668,AZ,METHAMPHETAMINE,99.0,7900.0,2014,4,0.0
669,NM,METHAMPHETAMINE,96.0,11.0,2014,4,0.0
670,MO,METHAMPHETAMINE,98.0,15.0,2014,4,0.0
671,MS,METHAMPHETAMINE,100.0,55.0,2014,4,1900.0
672,NM,METHAMPHETAMINE,99.0,3500.0,2014,4,0.0
673,CA,METHAMPHETAMINE,99.0,9800.0,2014,4,0.0
674,NV,METHAMPHETAMINE,97.0,0.45,2014,4,0.0
675,FL,METHAMPHETAMINE,99.0,9.4,2014,4,0.0
676,CA,METHAMPHETAMINE,96.0,6600.0,2014,4,0.0
677,CA,METHAMPHETAMINE,75.0,120.0,2014,4,0.0
678,FL,METHAMPHETAMINE,0.0,3.6,2014,4,0.0
680,MN,METHAMPHETAMINE,100.0,1.2,2014,4,0.0
681,TX,METHAMPHETAMINE,0.0,710.0,2014,4,0.0
682,NJ,METHAMPHETAMINE,100.0,55.0,2014,4,4000.0
683,NM,METHAMPHETAMINE,90.0,2600.0,2014,4,0.0
684,WA,METHAMPHETAMINE,82.0,3.3,2014,4,0.0
685,NB,METHAMPHETAMINE,99.0,54.0,2014,4,0.0
686,AR,METHAMPHETAMINE,100.0,180.0,2014,4,0.0
687,CA,METHAMPHETAMINE,99.0,1.0,2014,4,0.0
688,AR,METHAMPHETAMINE,61.0,56.0,2014,4,1400.0
689,AZ,METHAMPHETAMINE,100.0,440.0,2014,4,0.0
690,SC,METHAMPHETAMINE,0.0,0.001,2014,4,0.0
691,FL,METHAMPHETAMINE,97.0,3000.0,2014,4,0.0
692,CA,METHAMPHETAMINE,100.0,2000.0,2014,4,0.0
693,MN,METHAMPHETAMINE,100.0,110.0,2014,4,0.0
694,AZ,METHAMPHETAMINE,95.0,2300.0,2014,4,0.0
696,NM,METHAMPHETAMINE,99.0,73.0,2014,4,0.0
697,AZ,METHAMPHETAMINE,99.0,2600.0,2014,4,0.0
698,FL,METHAMPHETAMINE,0.0,0.19,2014,4,0.0
699,AL,METHAMPHETAMINE,96.0,2400.0,2014,4,0.0
700,TX,METHAMPHETAMINE,95.0,9900.0,2014,4,0.0
701,AR,METHAMPHETAMINE,90.0,3.2,2014,4,200.0
702,NB,METHAMPHETAMINE,99.0,27.0,2014,4,1600.0
703,OK,METHAMPHETAMINE,0.0,0.7,2014,4,0.0
704,FL,METHAMPHETAMINE,0.0,0.001,2014,4,0.0
705,AZ,METHAMPHETAMINE,100.0,450.0,2014,4,0.0
707,FL,METHAMPHETAMINE,99.0,3.0,2014,4,2500.0
708,HI,METHAMPHETAMINE,100.0,56.0,2014,4,2700.0
709,SD,METHAMPHETAMINE,100.0,200.0,2014,4,0.0
710,CA,METHAMPHETAMINE,639.0,24.0,2014,4,0.0
711,TX,METHAMPHETAMINE,100.0,10000.0,2014,4,0.0
712,TX,METHAMPHETAMINE,99.0,83.0,2014,4,0.0
713,CA,METHAMPHETAMINE,100.0,28.0,2014,4,400.0
714,CA,METHAMPHETAMINE,100.0,26.0,2014,4,400.0
715,NV,METHAMPHETAMINE,100.0,25.0,2014,4,0.0
716,AZ,METHAMPHETAMINE,98.0,980.0,2014,4,0.0
717,NE,METHAMPHETAMINE,100.0,1.0,2014,5,720.0
718,AZ,METHAMPHETAMINE,99.0,110.0,2014,5,0.0
719,MO,METHAMPHETAMINE,99.0,560.0,2014,5,0.0
720,CA,METHAMPHETAMINE,99.0,14000.0,2014,5,0.0
721,CA,METHAMPHETAMINE,100.0,27.0,2014,5,500.0
722,NV,METHAMPHETAMINE,98.0,73.0,2014,5,0.0
723,FL,METHAMPHETAMINE,99.0,28.0,2014,5,0.0
724,CA,METHAMPHETAMINE,0.0,0.001,2014,5,0.0
725,CA,METHAMPHETAMINE,97.0,2200.0,2014,5,0.0
726,TX,METHAMPHETAMINE,94.0,1300.0,2014,5,0.0
727,NE,METHAMPHETAMINE,82.0,6.4,2014,5,350.0
728,TX,METHAMPHETAMINE,82.0,990.0,2014,5,0.0
729,CA,METHAMPHETAMINE,99.0,1.2,2014,5,0.0
730,AR,METHAMPHETAMINE,0.0,0.001,2014,5,0.0
731,FL,METHAMPHETAMINE,100.0,14.0,2014,5,0.0
732,CO,METHAMPHETAMINE,99.0,56.0,2014,5,1500.0
733,AZ,METHAMPHETAMINE,99.0,10000.0,2014,5,0.0
734,NM,METHAMPHETAMINE,0.0,0.001,2014,5,0.0
735,CA,METHAMPHETAMINE,100.0,2200.0,2014,5,0.0
736,MO,METHAMPHETAMINE,94.0,190.0,2014,5,0.0
737,NM,METHAMPHETAMINE,98.0,6.4,2014,5,0.0
738,NM,METHAMPHETAMINE,94.0,1.0,2014,5,0.0
739,NC,METHAMPHETAMINE,94.0,4400.0,2014,5,0.0
740,AZ,METHAMPHETAMINE,100.0,440.0,2014,5,0.0
741,TX,METHAMPHETAMINE,14.0,16.0,2014,5,0.0
742,FL,METHAMPHETAMINE,98.0,28.0,2014,5,0.0
743,CA,METHAMPHETAMINE,98.0,5800.0,2014,5,0.0
744,CA,METHAMPHETAMINE,99.0,3.3,2014,5,100.0
745,CA,METHAMPHETAMINE,98.0,43.0,2014,5,1400.0
746,AR,METHAMPHETAMINE,80.0,27.0,2014,5,1100.0
747,AR,METHAMPHETAMINE,81.0,28.0,2014,5,1100.0
748,TX,METHAMPHETAMINE,100.0,4100.0,2014,5,0.0
749,NM,METHAMPHETAMINE,99.0,14.0,2014,5,0.0
750,HI,METHAMPHETAMINE,0.0,0.001,2014,5,0.0
751,OR,METHAMPHETAMINE,99.0,64.0,2014,5,1900.0
752,HI,METHAMPHETAMINE,99.0,1300.0,2014,5,0.0
753,CA,METHAMPHETAMINE,99.0,6200.0,2014,5,0.0
754,IA,METHAMPHETAMINE,100.0,110.0,2014,5,0.0
755,AZ,METHAMPHETAMINE,98.0,1800.0,2014,5,0.0
756,AR,METHAMPHETAMINE,100.0,39.0,2014,5,2100.0
757,TX,METHAMPHETAMINE,99.0,4.6,2014,5,500.0
758,TX,METHAMPHETAMINE,86.0,1900.0,2014,5,0.0
759,NV,METHAMPHETAMINE,93.0,200.0,2014,5,0.0
760,NV,METHAMPHETAMINE,7.0,890.0,2014,5,1500.0
761,NV,METHAMPHETAMINE,100.0,27.0,2014,5,700.0
762,FL,METHAMPHETAMINE,0.0,0.24,2014,5,0.0
763,MI,METHAMPHETAMINE,99.0,14.0,2014,5,3500.0
764,TX,METHAMPHETAMINE,66.0,11.0,2014,5,0.0
765,ID,METHAMPHETAMINE,97.0,28.0,2014,5,1200.0
766,NE,METHAMPHETAMINE,68.0,3.4,2014,5,240.0
767,AZ,METHAMPHETAMINE,99.0,0.31,2014,5,0.0
768,WA,METHAMPHETAMINE,97.0,100.0,2014,5,0.0
769,CA,METHAMPHETAMINE,99.0,2.9,2014,5,0.0
770,CA,METHAMPHETAMINE,100.0,9.6,2014,5,0.0
771,MN,METHAMPHETAMINE,100.0,210.0,2014,5,0.0
772,AZ,METHAMPHETAMINE,99.0,2.9,2014,5,0.0
773,TX,METHAMPHETAMINE,99.0,1.0,2014,5,0.0
774,CO,METHAMPHETAMINE,0.0,0.36,2014,5,0.0
775,FL,METHAMPHETAMINE,98.0,81.0,2014,5,0.0
776,OK,METHAMPHETAMINE,94.0,3.3,2014,5,250.0
777,AR,METHAMPHETAMINE,93.0,27.0,2014,5,1400.0
778,HI,METHAMPHETAMINE,98.0,2.9,2014,5,0.0
779,UT,METHAMPHETAMINE,100.0,5300.0,2014,5,0.0
780,CO,METHAMPHETAMINE,99.0,7.4,2014,5,0.0
781,CA,METHAMPHETAMINE,100.0,5800.0,2014,5,0.0
782,TX,METHAMPHETAMINE,100.0,11.0,2014,5,0.0
783,AZ,METHAMPHETAMINE,99.0,56.0,2014,5,1200.0
784,CA,METHAMPHETAMINE,94.0,110.0,2014,5,1400.0
785,AL,METHAMPHETAMINE,3.0,2.6,2014,5,0.0
786,MO,METHAMPHETAMINE,87.0,31.0,2014,5,0.0
787,WA,METHAMPHETAMINE,98.0,420.0,2014,5,6200.0
788,HI,METHAMPHETAMINE,99.0,14.0,2014,5,0.0
789,NM,METHAMPHETAMINE,0.0,0.001,2014,5,0.0
790,CA,METHAMPHETAMINE,99.0,0.12,2014,5,0.0
791,TX,METHAMPHETAMINE,92.0,8.8,2014,5,0.0
792,CA,METHAMPHETAMINE,99.0,2.7,2014,5,0.0
793,TX,METHAMPHETAMINE,98.0,140.0,2014,5,0.0
794,FL,METHAMPHETAMINE,100.0,28.0,2014,5,0.0
795,CA,METHAMPHETAMINE,0.0,0.001,2014,5,0.0
796,HI,METHAMPHETAMINE,99.0,0.75,2014,5,0.0
797,TX,METHAMPHETAMINE,99.0,270.0,2014,5,0.0
798,SD,METHAMPHETAMINE,73.0,210.0,2014,5,0.0
799,HI,METHAMPHETAMINE,98.0,32.0,2014,5,0.0
800,WA,METHAMPHETAMINE,95.0,21.0,2014,5,600.0
801,FL,METHAMPHETAMINE,100.0,1.0,2014,5,0.0
802,CA,METHAMPHETAMINE,100.0,3.1,2014,5,0.0
803,TX,METHAMPHETAMINE,96.0,990.0,2014,5,0.0
804,CO,METHAMPHETAMINE,100.0,28.0,2014,5,800.0
805,TX,METHAMPHETAMINE,100.0,990.0,2014,5,0.0
806,CA,METHAMPHETAMINE,0.0,0.18,2014,5,0.0
807,CA,METHAMPHETAMINE,100.0,0.15,2014,5,0.0
808,CA,METHAMPHETAMINE,99.0,1.6,2014,5,0.0
809,MT,METHAMPHETAMINE,100.0,28.0,2014,5,0.0
810,MT,METHAMPHETAMINE,0.0,0.27,2014,5,0.0
811,AZ,METHAMPHETAMINE,99.0,2.7,2014,5,0.0
812,TX,METHAMPHETAMINE,97.0,440.0,2014,5,0.0
813,MN,METHAMPHETAMINE,0.0,840.0,2014,5,0.0
814,CA,METHAMPHETAMINE,98.0,0.83,2014,5,0.0
815,TX,METHAMPHETAMINE,0.0,140.0,2014,5,0.0
816,CA,METHAMPHETAMINE,100.0,12000.0,2014,5,0.0
817,NJ,METHAMPHETAMINE,54.0,28.0,2014,5,2000.0
818,HI,METHAMPHETAMINE,99.0,0.42,2014,5,0.0
819,LA,METHAMPHETAMINE,96.0,75.0,2014,5,0.0
820,AR,METHAMPHETAMINE,97.0,1300.0,2014,5,0.0
821,TX,METHAMPHETAMINE,97.0,6900.0,2014,5,0.0
822,TX,METHAMPHETAMINE,97.0,990.0,2014,5,0.0
823,TX,METHAMPHETAMINE,99.0,1200.0,2014,5,0.0
824,NM,METHAMPHETAMINE,98.0,1300.0,2014,5,0.0
825,NM,METHAMPHETAMINE,98.0,5300.0,2014,5,0.0
826,HI,METHAMPHETAMINE,98.0,51.0,2014,5,0.0
827,TX,METHAMPHETAMINE,60.0,44.0,2014,5,0.0
828,WA,METHAMPHETAMINE,88.0,28.0,2014,5,850.0
829,LA,METHAMPHETAMINE,96.0,3.0,2014,5,230.0
830,NE,METHAMPHETAMINE,95.0,10.0,2014,5,720.0
831,AZ,METHAMPHETAMINE,99.0,440.0,2014,5,6000.0
832,CA,METHAMPHETAMINE,0.0,0.001,2014,5,0.0
833,NM,METHAMPHETAMINE,98.0,2.0,2014,5,0.0
834,CA,METHAMPHETAMINE,98.0,9400.0,2014,5,0.0
835,NC,METHAMPHETAMINE,99.0,220.0,2014,5,0.0
836,NJ,METHAMPHETAMINE,98.0,13.0,2014,5,0.0
837,LA,METHAMPHETAMINE,98.0,3.1,2014,5,0.0
838,HI,METHAMPHETAMINE,96.0,56.0,2014,5,2400.0
839,AR,METHAMPHETAMINE,97.0,28.0,2014,5,1200.0
840,TX,METHAMPHETAMINE,100.0,840.0,2014,5,0.0
841,NV,METHAMPHETAMINE,5.0,45.0,2014,5,1500.0
842,NM,METHAMPHETAMINE,98.0,170.0,2014,5,6200.0
843,NY,METHAMPHETAMINE,56.0,1700.0,2014,5,0.0
844,TX,METHAMPHETAMINE,98.0,11000.0,2014,5,0.0
845,NM,METHAMPHETAMINE,99.0,0.82,2014,5,0.0
846,TX,METHAMPHETAMINE,99.0,8000.0,2014,5,0.0
847,IL,METHAMPHETAMINE,100.0,14.0,2014,5,0.0
848,FL,METHAMPHETAMINE,91.0,0.19,2014,5,0.0
849,HI,METHAMPHETAMINE,95.0,1900.0,2014,5,0.0
850,NM,METHAMPHETAMINE,90.0,79.0,2014,5,0.0
851,HI,METHAMPHETAMINE,99.0,220.0,2014,5,0.0
852,AZ,METHAMPHETAMINE,100.0,180.0,2014,5,0.0
853,CA,METHAMPHETAMINE,99.0,10000.0,2014,5,0.0
854,AR,METHAMPHETAMINE,0.0,0.001,2014,5,0.0
855,TX,METHAMPHETAMINE,100.0,1.0,2014,5,70.0
856,CA,METHAMPHETAMINE,0.0,0.001,2014,5,0.0
857,FL,METHAMPHETAMINE,98.0,9.1,2014,5,400.0
858,TX,METHAMPHETAMINE,93.0,3.0,2014,5,0.0
859,TX,METHAMPHETAMINE,100.0,2.9,2014,5,0.0
860,TX,METHAMPHETAMINE,99.0,10000.0,2014,5,0.0
861,TX,METHAMPHETAMINE,100.0,9900.0,2014,5,0.0
862,AR,METHAMPHETAMINE,91.0,6.9,2014,5,400.0
863,NY,METHAMPHETAMINE,0.0,1500.0,2014,5,0.0
864,TX,METHAMPHETAMINE,98.0,180.0,2014,5,0.0
865,MO,METHAMPHETAMINE,83.0,54.0,2014,5,0.0
866,MN,METHAMPHETAMINE,100.0,360.0,2014,5,0.0
867,CA,METHAMPHETAMINE,100.0,1800.0,2014,5,0.0
868,MO,METHAMPHETAMINE,88.0,30.0,2014,5,0.0
869,GA,METHAMPHETAMINE,94.0,3000.0,2014,5,0.0
870,TX,METHAMPHETAMINE,88.0,440.0,2014,6,0.0
871,CA,METHAMPHETAMINE,99.0,8000.0,2014,6,0.0
872,CA,METHAMPHETAMINE,0.0,0.001,2014,6,0.0
873,CA,METHAMPHETAMINE,98.0,3.1,2014,6,0.0
874,NV,METHAMPHETAMINE,95.0,27.0,2014,6,900.0
875,AR,METHAMPHETAMINE,100.0,27.0,2014,6,0.0
876,CA,METHAMPHETAMINE,97.0,0.4,2014,6,0.0
877,FL,METHAMPHETAMINE,0.0,120.0,2014,6,0.0
878,FL,METHAMPHETAMINE,98.0,550.0,2014,6,0.0
879,FL,METHAMPHETAMINE,0.0,0.001,2014,6,0.0
880,CA,METHAMPHETAMINE,99.0,110.0,2014,6,1300.0
881,FL,METHAMPHETAMINE,99.0,56.0,2014,6,2600.0
882,CA,METHAMPHETAMINE,96.0,4.1,2014,6,0.0
883,GA,METHAMPHETAMINE,89.0,20.0,2014,6,0.0
884,NM,METHAMPHETAMINE,99.0,25.0,2014,6,1200.0
885,NM,METHAMPHETAMINE,91.0,1300.0,2014,6,0.0
886,TX,METHAMPHETAMINE,55.0,28.0,2014,6,0.0
887,CA,METHAMPHETAMINE,100.0,3.0,2014,6,4300.0
888,CA,METHAMPHETAMINE,0.0,0.001,2014,6,0.0
889,FL,METHAMPHETAMINE,92.0,1.0,2014,6,0.0
890,FL,METHAMPHETAMINE,0.0,0.001,2014,6,0.0
891,TX,METHAMPHETAMINE,99.0,1000.0,2014,6,0.0
892,GA,METHAMPHETAMINE,28.0,19.0,2014,6,0.0
893,CA,METHAMPHETAMINE,99.0,55.0,2014,6,1000.0
894,HI,METHAMPHETAMINE,99.0,0.24,2014,6,0.0
895,AR,METHAMPHETAMINE,100.0,4.2,2014,6,0.0
896,FL,METHAMPHETAMINE,97.0,3.3,2014,6,270.0
897,IL,METHAMPHETAMINE,0.0,2.6,2014,6,0.0
898,FL,METHAMPHETAMINE,0.0,720.0,2014,6,0.0
899,MT,METHAMPHETAMINE,0.0,13.0,2014,6,0.0
900,TX,METHAMPHETAMINE,99.0,12.0,2014,6,500.0
901,TX,METHAMPHETAMINE,98.0,11.0,2014,6,0.0
902,FL,METHAMPHETAMINE,95.0,27.0,2014,6,1000.0
903,IA,METHAMPHETAMINE,58.0,29.0,2014,6,1700.0
904,TX,METHAMPHETAMINE,99.0,3.0,2014,6,0.0
905,MD,METHAMPHETAMINE,77.0,0.28,2014,6,0.0
906,FL,METHAMPHETAMINE,99.0,890.0,2014,6,0.0
907,GA,METHAMPHETAMINE,96.0,210.0,2014,6,0.0
908,FL,METHAMPHETAMINE,0.0,0.001,2014,6,0.0
909,TX,METHAMPHETAMINE,86.0,30.0,2014,6,0.0
910,TX,METHAMPHETAMINE,44.0,24.0,2014,6,0.0
911,OK,METHAMPHETAMINE,97.0,1600.0,2014,6,0.0
912,CA,METHAMPHETAMINE,97.0,0.52,2014,6,0.0
913,NJ,METHAMPHETAMINE,91.0,110.0,2014,6,6000.0
914,IA,METHAMPHETAMINE,0.0,0.05,2014,6,0.0
915,CA,METHAMPHETAMINE,98.0,3.4,2014,6,150.0
916,NV,METHAMPHETAMINE,99.0,28.0,2014,6,6000.0
917,HI,METHAMPHETAMINE,97.0,450.0,2014,6,0.0
918,NM,METHAMPHETAMINE,99.0,440.0,2014,6,0.0
919,CO,METHAMPHETAMINE,99.0,230.0,2014,6,4800.0
920,WY,METHAMPHETAMINE,100.0,290.0,2014,6,0.0
921,NM,METHAMPHETAMINE,91.0,2.3,2014,6,0.0
922,WA,METHAMPHETAMINE,0.0,0.001,2014,6,0.0
923,IL,METHAMPHETAMINE,100.0,2.8,2014,6,350.0
924,HI,METHAMPHETAMINE,100.0,0.66,2014,6,0.0
925,CA,METHAMPHETAMINE,100.0,27.0,2014,6,550.0
926,FL,METHAMPHETAMINE,100.0,1.1,2014,6,0.0
927,MT,METHAMPHETAMINE,0.0,32.0,2014,6,0.0
928,TX,METHAMPHETAMINE,99.0,6.9,2014,6,350.0
929,TX,METHAMPHETAMINE,58.0,29.0,2014,6,1000.0
930,TX,METHAMPHETAMINE,59.0,21.0,2014,6,0.0
931,MA,METHAMPHETAMINE,99.0,28.0,2014,6,1300.0
932,AZ,METHAMPHETAMINE,100.0,0.6,2014,6,100.0
933,CA,METHAMPHETAMINE,98.0,0.91,2014,6,0.0
934,AZ,METHAMPHETAMINE,99.0,0.66,2014,6,120.0
935,NV,METHAMPHETAMINE,93.0,54.0,2014,6,1800.0
936,TX,METHAMPHETAMINE,99.0,490.0,2014,6,0.0
937,FL,METHAMPHETAMINE,0.0,180.0,2014,6,0.0
938,AL,METHAMPHETAMINE,98.0,29.0,2014,6,1300.0
939,CA,METHAMPHETAMINE,93.0,450.0,2014,6,6500.0
940,NV,METHAMPHETAMINE,97.0,56.0,2014,6,1100.0
941,NV,METHAMPHETAMINE,99.0,440.0,2014,6,6000.0
942,WA,METHAMPHETAMINE,0.0,270.0,2014,6,0.0
943,FL,METHAMPHETAMINE,0.0,0.001,2014,6,0.0
944,CA,METHAMPHETAMINE,99.0,43.0,2014,6,0.0
945,CA,METHAMPHETAMINE,99.0,2.8,2014,6,1000.0
946,AL,METHAMPHETAMINE,91.0,14.0,2014,6,0.0
947,CA,METHAMPHETAMINE,0.0,0.001,2014,6,0.0
948,HI,METHAMPHETAMINE,100.0,21.0,2014,6,0.0
949,CA,METHAMPHETAMINE,100.0,12000.0,2014,6,0.0
950,FL,METHAMPHETAMINE,0.0,81.0,2014,6,0.0
951,TX,METHAMPHETAMINE,64.0,5.4,2014,6,0.0
952,WA,METHAMPHETAMINE,99.0,11.0,2014,6,0.0
953,TX,METHAMPHETAMINE,669.0,25.0,2014,6,0.0
954,IL,METHAMPHETAMINE,0.0,0.11,2014,6,0.0
955,WA,METHAMPHETAMINE,0.0,0.001,2014,6,0.0
956,AZ,METHAMPHETAMINE,98.0,220.0,2014,6,0.0
957,WA,METHAMPHETAMINE,99.0,2.0,2014,6,0.0
958,FL,METHAMPHETAMINE,99.0,3.0,2014,6,1000.0
959,TN,METHAMPHETAMINE,98.0,440.0,2014,6,0.0
960,TX,METHAMPHETAMINE,0.0,0.001,2014,6,0.0
961,HI,METHAMPHETAMINE,98.0,56.0,2014,6,0.0
962,TX,METHAMPHETAMINE,99.0,450.0,2014,6,0.0
963,WA,METHAMPHETAMINE,97.0,870.0,2014,6,0.0
964,AR,METHAMPHETAMINE,92.0,56.0,2014,6,2200.0
965,TX,METHAMPHETAMINE,99.0,4000.0,2014,6,0.0
966,FL,METHAMPHETAMINE,0.0,0.001,2014,6,0.0
967,TX,METHAMPHETAMINE,98.0,11000.0,2014,6,0.0
968,HI,METHAMPHETAMINE,97.0,2.9,2014,6,0.0
969,FL,METHAMPHETAMINE,0.0,0.001,2014,6,0.0
970,GA,METHAMPHETAMINE,90.0,19.0,2014,6,0.0
971,TX,METHAMPHETAMINE,100.0,170.0,2014,6,0.0
972,CO,METHAMPHETAMINE,93.0,29.0,2014,6,900.0
973,CA,METHAMPHETAMINE,99.0,840.0,2014,6,0.0
974,CA,METHAMPHETAMINE,99.0,39.0,2014,6,0.0
975,CA,METHAMPHETAMINE,97.0,440.0,2014,6,4000.0
976,WA,METHAMPHETAMINE,99.0,410.0,2014,6,0.0
977,AZ,METHAMPHETAMINE,99.0,1.5,2014,6,180.0
978,IL,METHAMPHETAMINE,94.0,370.0,2014,6,0.0
979,WY,METHAMPHETAMINE,100.0,70.0,2014,6,0.0
980,MT,METHAMPHETAMINE,100.0,160.0,2014,6,0.0
981,TX,METHAMPHETAMINE,0.0,13.0,2014,6,0.0
982,FL,METHAMPHETAMINE,0.0,220.0,2014,6,0.0
983,FL,METHAMPHETAMINE,0.0,180.0,2014,6,0.0
984,FL,METHAMPHETAMINE,0.0,120.0,2014,6,0.0
985,AR,METHAMPHETAMINE,90.0,47.0,2014,6,0.0
986,AZ,METHAMPHETAMINE,100.0,1.2,2014,6,200.0
987,CA,METHAMPHETAMINE,100.0,410.0,2014,6,0.0
988,CA,METHAMPHETAMINE,99.0,8900.0,2014,6,0.0
989,TX,METHAMPHETAMINE,52.0,21.0,2014,6,0.0
990,WA,METHAMPHETAMINE,96.0,3.0,2014,6,0.0
991,CA,METHAMPHETAMINE,100.0,440.0,2014,6,4300.0
992,GA,METHAMPHETAMINE,99.0,17.0,2014,6,0.0
993,TX,METHAMPHETAMINE,46.0,25.0,2014,6,0.0
994,FL,METHAMPHETAMINE,97.0,3200.0,2014,6,0.0
995,TN,METHAMPHETAMINE,88.0,47.0,2014,6,0.0
996,UT,METHAMPHETAMINE,99.0,55.0,2014,6,1200.0
997,NV,METHAMPHETAMINE,98.0,28.0,2014,6,530.0
998,AZ,METHAMPHETAMINE,99.0,0.67,2014,6,120.0
999,FL,METHAMPHETAMINE,0.0,0.001,2014,6,0.0
1000,NM,METHAMPHETAMINE,100.0,81.0,2014,6,0.0
1001,CA,METHAMPHETAMINE,99.0,56.0,2014,6,900.0
1002,FL,METHAMPHETAMINE,94.0,24.0,2014,6,0.0
1003,TX,METHAMPHETAMINE,98.0,2.9,2014,6,0.0
1004,CA,METHAMPHETAMINE,98.0,6300.0,2014,6,0.0
1005,CA,METHAMPHETAMINE,100.0,28.0,2014,6,500.0
1006,WA,METHAMPHETAMINE,99.0,2.9,2014,6,0.0
1007,CA,METHAMPHETAMINE,96.0,110.0,2014,6,1700.0
1008,LA,METHAMPHETAMINE,99.0,28.0,2014,6,1100.0
1009,FL,METHAMPHETAMINE,0.0,160.0,2014,6,0.0
1010,TX,METHAMPHETAMINE,97.0,9300.0,2014,6,0.0
1011,CO,METHAMPHETAMINE,96.0,170.0,2014,6,0.0
1012,CA,METHAMPHETAMINE,99.0,27.0,2014,6,550.0
1013,FL,METHAMPHETAMINE,99.0,28.0,2014,6,1400.0
1014,TX,METHAMPHETAMINE,72.0,27.0,2014,6,1400.0
1015,TX,METHAMPHETAMINE,99.0,25000.0,2014,6,0.0
1016,TX,METHAMPHETAMINE,98.0,3.0,2014,6,0.0
1017,CA,METHAMPHETAMINE,0.0,0.001,2014,6,0.0
1018,TX,METHAMPHETAMINE,95.0,160.0,2014,6,0.0
1019,MA,METHAMPHETAMINE,96.0,2.9,2014,6,1300.0
1020,TN,METHAMPHETAMINE,100.0,880.0,2014,6,0.0
1021,CA,METHAMPHETAMINE,95.0,9.9,2014,6,0.0
1022,MT,METHAMPHETAMINE,98.0,2.9,2014,6,0.0
1023,FL,METHAMPHETAMINE,98.0,23.0,2014,6,1400.0
1024,FL,METHAMPHETAMINE,99.0,2.6,2014,6,0.0
1025,IL,METHAMPHETAMINE,99.0,27.0,2014,6,0.0
1026,GA,METHAMPHETAMINE,329.0,27.0,2014,6,0.0
1027,CA,METHAMPHETAMINE,100.0,430.0,2014,6,0.0
1028,TX,METHAMPHETAMINE,624.0,22.0,2014,6,0.0
1029,TX,METHAMPHETAMINE,97.0,770.0,2014,6,0.0
1030,FL,METHAMPHETAMINE,0.0,120.0,2014,6,0.0
1031,HI,METHAMPHETAMINE,99.0,2.9,2014,6,0.0
1032,WA,METHAMPHETAMINE,100.0,1500.0,2014,6,0.0
1033,AR,METHAMPHETAMINE,77.0,3.6,2014,6,0.0
1034,CA,METHAMPHETAMINE,100.0,440.0,2014,6,0.0
1035,TX,METHAMPHETAMINE,99.0,7.0,2014,6,250.0
1036,FL,METHAMPHETAMINE,0.0,0.001,2014,6,0.0
1037,TX,METHAMPHETAMINE,0.0,16.0,2014,6,0.0
1038,CA,METHAMPHETAMINE,99.0,28.0,2014,6,0.0
1039,NM,METHAMPHETAMINE,100.0,3.0,2014,6,0.0
1040,IL,METHAMPHETAMINE,87.0,0.76,2014,7,0.0
1041,NJ,METHAMPHETAMINE,82.0,17.0,2014,7,0.0
1042,LA,METHAMPHETAMINE,99.0,110.0,2014,7,6000.0
1043,AL,METHAMPHETAMINE,66.0,320.0,2014,7,0.0
1044,TN,METHAMPHETAMINE,0.0,0.25,2014,7,0.0
1045,AR,METHAMPHETAMINE,98.0,1.6,2014,7,0.0
1046,NJ,METHAMPHETAMINE,98.0,2.9,2014,7,0.0
1047,CA,METHAMPHETAMINE,85.0,24.0,2014,7,0.0
1048,AZ,METHAMPHETAMINE,99.0,3500.0,2014,7,0.0
1049,TN,METHAMPHETAMINE,68.0,25.0,2014,7,0.0
1050,HI,METHAMPHETAMINE,100.0,110.0,2014,7,0.0
1051,CA,METHAMPHETAMINE,99.0,2.2,2014,7,0.01
1052,TX,METHAMPHETAMINE,0.0,0.049,2014,7,0.0
1053,HI,METHAMPHETAMINE,98.0,28.0,2014,7,1400.0
1054,WY,METHAMPHETAMINE,100.0,13.0,2014,7,0.0
1055,LA,METHAMPHETAMINE,0.0,0.001,2014,7,0.0
1056,TX,METHAMPHETAMINE,88.0,290.0,2014,7,0.0
1057,GM,METHAMPHETAMINE,0.0,0.001,2014,7,0.0
1058,CA,METHAMPHETAMINE,0.0,0.001,2014,7,0.0
1059,UT,METHAMPHETAMINE,99.0,110.0,2014,7,2400.0
1060,NJ,METHAMPHETAMINE,79.0,1300.0,2014,7,0.0
1061,TX,METHAMPHETAMINE,99.0,3.1,2014,7,2500.0
1062,CA,METHAMPHETAMINE,98.0,110.0,2014,7,1500.0
1063,CA,METHAMPHETAMINE,99.0,25000.0,2014,7,0.0
1064,MO,METHAMPHETAMINE,72.0,0.9,2014,7,0.0
1065,FL,METHAMPHETAMINE,99.0,2.9,2014,7,0.0
1066,WA,METHAMPHETAMINE,99.0,29.0,2014,7,0.0
1067,WA,METHAMPHETAMINE,99.0,210.0,2014,7,0.0
1068,NV,METHAMPHETAMINE,97.0,97.0,2014,7,1400.0
1069,WA,METHAMPHETAMINE,98.0,14.0,2014,7,0.0
1070,FL,METHAMPHETAMINE,0.0,13.0,2014,7,0.0
1071,TX,METHAMPHETAMINE,99.0,120.0,2014,7,0.0
1072,TX,METHAMPHETAMINE,98.0,1700.0,2014,7,0.0
1073,HI,METHAMPHETAMINE,100.0,5.4,2014,7,0.0
1074,MT,METHAMPHETAMINE,82.0,26.0,2014,7,0.0
1075,AR,METHAMPHETAMINE,86.0,52.0,2014,7,0.0
1077,WA,METHAMPHETAMINE,98.0,200.0,2014,7,0.0
1078,SC,METHAMPHETAMINE,0.0,0.13,2014,7,40.0
1079,TX,METHAMPHETAMINE,100.0,27.0,2014,7,0.0
1080,GM,METHAMPHETAMINE,99.0,0.69,2014,7,0.0
1081,CA,METHAMPHETAMINE,0.0,0.001,2014,7,0.0
1082,FL,METHAMPHETAMINE,0.0,31.0,2014,7,0.0
1083,TX,METHAMPHETAMINE,99.0,4.1,2014,7,0.0
1084,FL,METHAMPHETAMINE,0.0,31.0,2014,7,0.0
1085,AL,METHAMPHETAMINE,66.0,3.0,2014,7,0.0
1086,NM,METHAMPHETAMINE,87.0,2800.0,2014,7,0.0
1087,NJ,METHAMPHETAMINE,52.0,0.34,2014,7,0.0
1088,CA,METHAMPHETAMINE,100.0,860.0,2014,7,0.0
1089,NM,METHAMPHETAMINE,99.0,1700.0,2014,7,0.0
1090,CA,METHAMPHETAMINE,99.0,14.0,2014,7,300.0
1091,TX,METHAMPHETAMINE,97.0,870.0,2014,7,0.0
1092,CA,METHAMPHETAMINE,100.0,110.0,2014,7,1400.0
1094,IL,METHAMPHETAMINE,100.0,55.0,2014,7,0.0
1095,TX,METHAMPHETAMINE,97.0,12.0,2014,7,0.0
1096,TX,METHAMPHETAMINE,99.0,2.9,2014,7,0.0
1097,AR,METHAMPHETAMINE,74.0,3.0,2014,7,0.0
1098,CA,METHAMPHETAMINE,99.0,440.0,2014,7,4500.0
1099,CA,METHAMPHETAMINE,99.0,57.0,2014,7,900.0
1100,CA,METHAMPHETAMINE,100.0,110.0,2014,7,1800.0
1101,MT,METHAMPHETAMINE,100.0,8.0,2014,7,0.0
1102,MS,METHAMPHETAMINE,98.0,3.0,2014,7,500.0
1103,GA,METHAMPHETAMINE,95.0,420.0,2014,7,12000.0
1104,CA,METHAMPHETAMINE,98.0,12000.0,2014,7,0.0
1105,TX,METHAMPHETAMINE,98.0,1400.0,2014,7,2500.0
1106,CA,METHAMPHETAMINE,97.0,890.0,2014,7,0.0
1107,LA,METHAMPHETAMINE,94.0,920.0,2014,7,0.0
1108,CA,METHAMPHETAMINE,100.0,1800.0,2014,7,0.0
1109,CA,METHAMPHETAMINE,0.0,0.001,2014,7,0.0
1110,TX,METHAMPHETAMINE,100.0,150.0,2014,7,0.0
1111,CA,METHAMPHETAMINE,100.0,1.7,2014,7,60.0
1112,TX,METHAMPHETAMINE,99.0,2.4,2014,7,0.0
1113,TX,METHAMPHETAMINE,87.0,510.0,2014,7,0.0
1114,CA,METHAMPHETAMINE,98.0,26.0,2014,7,500.0
1115,MO,METHAMPHETAMINE,92.0,84.0,2014,7,0.0
1116,NJ,METHAMPHETAMINE,100.0,270.0,2014,7,0.0
1117,CA,METHAMPHETAMINE,99.0,440.0,2014,7,3800.0
1118,NJ,METHAMPHETAMINE,98.0,0.52,2014,7,0.0
1119,MO,METHAMPHETAMINE,79.0,170.0,2014,7,0.0
1120,AZ,METHAMPHETAMINE,99.0,840.0,2014,7,0.0
1121,NJ,METHAMPHETAMINE,50.0,87.0,2014,7,0.0
1122,MT,METHAMPHETAMINE,99.0,12.0,2014,7,0.0
1123,CA,METHAMPHETAMINE,99.0,2200.0,2014,7,0.0
1124,AL,METHAMPHETAMINE,69.0,28.0,2014,7,0.0
1125,HI,METHAMPHETAMINE,100.0,13.0,2014,7,0.0
1126,HI,METHAMPHETAMINE,99.0,28.0,2014,7,0.0
1127,GA,METHAMPHETAMINE,99.0,2.9,2014,7,12000.0
1128,AZ,METHAMPHETAMINE,99.0,11000.0,2014,7,0.0
1129,HI,METHAMPHETAMINE,97.0,71.0,2014,7,0.0
1130,HI,METHAMPHETAMINE,100.0,5.7,2014,7,0.0
1131,NJ,METHAMPHETAMINE,99.0,15.0,2014,7,0.0
1132,NJ,METHAMPHETAMINE,42.0,1.3,2014,7,0.0
1133,CA,METHAMPHETAMINE,100.0,28.0,2014,7,500.0
1134,LA,METHAMPHETAMINE,95.0,25.0,2014,7,1000.0
1135,HI,METHAMPHETAMINE,99.0,14.0,2014,7,0.0
1136,CA,METHAMPHETAMINE,100.0,3.0,2014,7,120.0
1137,CA,METHAMPHETAMINE,100.0,1.3,2014,7,0.0
1138,CA,METHAMPHETAMINE,35.0,160.0,2014,7,2000.0
1139,TX,METHAMPHETAMINE,100.0,110.0,2014,7,0.0
1140,CA,METHAMPHETAMINE,100.0,5100.0,2014,7,0.0
1141,NM,METHAMPHETAMINE,99.0,220.0,2014,7,0.0
1142,IA,METHAMPHETAMINE,73.0,3.5,2014,7,450.0
1143,NV,METHAMPHETAMINE,91.0,110.0,2014,7,0.0
1144,TX,METHAMPHETAMINE,99.0,41.0,2014,7,0.0
1145,CA,METHAMPHETAMINE,99.0,8600.0,2014,7,0.0
1146,FL,METHAMPHETAMINE,99.0,19.0,2014,7,49.0
1147,ID,METHAMPHETAMINE,93.0,54.0,2014,7,2300.0
1148,FL,METHAMPHETAMINE,0.0,29.0,2014,7,0.0
1149,MI,METHAMPHETAMINE,100.0,10.0,2014,7,0.0
1150,CA,METHAMPHETAMINE,98.0,56.0,2014,7,1200.0
1151,LA,METHAMPHETAMINE,95.0,27.0,2014,7,0.0
1152,CA,METHAMPHETAMINE,99.0,56.0,2014,7,1200.0
1153,SC,METHAMPHETAMINE,0.0,0.13,2014,7,40.0
1154,WA,METHAMPHETAMINE,97.0,4.5,2014,7,0.0
1155,AR,METHAMPHETAMINE,99.0,54.0,2014,7,2000.0
1156,CA,METHAMPHETAMINE,99.0,0.95,2014,7,0.0
1157,CO,METHAMPHETAMINE,99.0,4300.0,2014,7,0.0
1158,AR,METHAMPHETAMINE,60.0,11.0,2014,7,0.0
1159,HI,METHAMPHETAMINE,99.0,2.9,2014,7,1400.0
1160,CA,METHAMPHETAMINE,100.0,6700.0,2014,7,0.0
1161,LA,METHAMPHETAMINE,98.0,27.0,2014,7,1200.0
1162,FL,METHAMPHETAMINE,0.0,31.0,2014,7,0.0
1163,AL,METHAMPHETAMINE,69.0,28.0,2014,7,0.0
1164,AL,METHAMPHETAMINE,49.0,28.0,2014,7,0.0
1165,CA,METHAMPHETAMINE,99.0,110.0,2014,7,1500.0
1166,CA,METHAMPHETAMINE,97.0,450.0,2014,7,4200.0
1167,AR,METHAMPHETAMINE,0.0,0.24,2014,7,0.0
1168,TX,METHAMPHETAMINE,20.0,3.0,2014,7,0.0
1169,MO,METHAMPHETAMINE,93.0,3.0,2014,7,0.0
1170,TX,METHAMPHETAMINE,100.0,1000.0,2014,7,0.0
1171,FL,METHAMPHETAMINE,0.0,0.001,2014,7,0.0
1172,TX,METHAMPHETAMINE,100.0,3.9,2014,7,0.0
1173,AL,METHAMPHETAMINE,0.0,0.001,2014,7,0.0
1174,TX,METHAMPHETAMINE,100.0,490.0,2014,7,0.0
1175,MS,METHAMPHETAMINE,94.0,1.6,2014,7,260.0
1176,TX,METHAMPHETAMINE,0.0,0.001,2014,7,0.0
1177,TN,METHAMPHETAMINE,45.0,0.65,2014,7,0.0
1178,OR,METHAMPHETAMINE,97.0,55.0,2014,7,1000.0
1179,TN,METHAMPHETAMINE,0.0,0.28,2014,7,0.0
1180,NJ,METHAMPHETAMINE,98.0,110.0,2014,7,0.0
1181,NV,METHAMPHETAMINE,95.0,110.0,2014,7,0.0
1182,CA,METHAMPHETAMINE,99.0,6700.0,2014,7,0.0
1183,LA,METHAMPHETAMINE,95.0,3.2,2014,7,0.0
1184,FL,METHAMPHETAMINE,0.0,31.0,2014,7,0.0
1185,AL,METHAMPHETAMINE,72.0,56.0,2014,7,0.0
1186,CA,METHAMPHETAMINE,100.0,3500.0,2014,7,0.0
1187,IA,METHAMPHETAMINE,99.0,12.0,2014,7,900.0
1188,TX,METHAMPHETAMINE,100.0,14.0,2014,7,0.0
1189,NJ,METHAMPHETAMINE,85.0,110.0,2014,7,6000.0
1190,NV,METHAMPHETAMINE,99.0,27.0,2014,7,850.0
1191,CO,METHAMPHETAMINE,97.0,20.0,2014,7,900.0
1192,NJ,METHAMPHETAMINE,62.0,34.0,2014,7,0.0
1193,SC,METHAMPHETAMINE,86.0,0.44,2014,7,50.0
1194,GM,METHAMPHETAMINE,0.0,0.001,2014,7,0.0
1195,TX,METHAMPHETAMINE,100.0,9200.0,2014,7,0.0
1196,CA,METHAMPHETAMINE,100.0,16.0,2014,7,0.0
1197,CA,METHAMPHETAMINE,99.0,56.0,2014,7,1000.0
1198,CA,METHAMPHETAMINE,99.0,220.0,2014,7,2400.0
1199,GM,METHAMPHETAMINE,100.0,5.8,2014,7,0.0
1200,TX,METHAMPHETAMINE,72.0,2.9,2014,7,0.0
1201,CA,METHAMPHETAMINE,99.0,27.0,2014,7,400.0
1202,CA,METHAMPHETAMINE,99.0,3.0,2014,7,3800.0
1203,CA,METHAMPHETAMINE,0.0,0.001,2014,7,0.0
1204,FL,METHAMPHETAMINE,0.0,0.001,2014,7,0.0
1205,TX,METHAMPHETAMINE,97.0,590.0,2014,7,0.0
1206,TX,METHAMPHETAMINE,94.0,6.4,2014,7,0.0
1207,CA,METHAMPHETAMINE,99.0,220.0,2014,7,3500.0
1208,GA,METHAMPHETAMINE,98.0,0.28,2014,7,0.0
1209,AL,METHAMPHETAMINE,75.0,56.0,2014,7,0.0
1210,CA,METHAMPHETAMINE,0.0,0.001,2014,7,0.0
1211,LA,METHAMPHETAMINE,100.0,3.0,2014,7,1200.0
1212,NM,METHAMPHETAMINE,99.0,3.1,2014,7,0.0
1213,AZ,METHAMPHETAMINE,99.0,3.0,2014,7,0.0
1214,MT,METHAMPHETAMINE,99.0,5.5,2014,7,0.0
1215,IA,METHAMPHETAMINE,100.0,2.0,2014,7,250.0
1216,NY,METHAMPHETAMINE,100.0,41.0,2014,7,0.0
1217,GA,METHAMPHETAMINE,100.0,2.5,2014,7,0.0
1218,WY,METHAMPHETAMINE,100.0,8.7,2014,7,0.0
1219,AL,METHAMPHETAMINE,61.0,27.0,2014,7,0.0
1220,TX,METHAMPHETAMINE,94.0,880.0,2014,7,0.0
1221,TX,METHAMPHETAMINE,99.0,2.7,2014,7,0.0
1222,AL,METHAMPHETAMINE,85.0,3.3,2014,7,0.0
1223,CA,METHAMPHETAMINE,100.0,55.0,2014,7,1000.0
1224,GA,METHAMPHETAMINE,99.0,1.1,2014,7,0.0
1225,CA,METHAMPHETAMINE,97.0,4400.0,2014,7,0.0
1226,FL,METHAMPHETAMINE,94.0,51.0,2014,7,0.0
1227,CA,METHAMPHETAMINE,99.0,14.0,2014,7,250.0
1228,HI,METHAMPHETAMINE,100.0,47.0,2014,7,0.0
1229,MO,METHAMPHETAMINE,90.0,2.3,2014,7,0.0
1230,TX,METHAMPHETAMINE,76.0,4000.0,2014,7,0.0
1231,TX,METHAMPHETAMINE,18.0,48000.0,2014,7,0.0
1232,FL,METHAMPHETAMINE,0.0,0.001,2014,8,0.0
1233,NV,METHAMPHETAMINE,98.0,220.0,2014,8,0.0
1234,NV,METHAMPHETAMINE,98.0,220.0,2014,8,0.0
1235,SC,METHAMPHETAMINE,100.0,0.56,2014,8,50.0
1236,IA,METHAMPHETAMINE,71.0,2.7,2014,8,350.0
1237,CA,METHAMPHETAMINE,97.0,220.0,2014,8,1800.0
1238,CA,METHAMPHETAMINE,100.0,6200.0,2014,8,0.0
1239,CA,METHAMPHETAMINE,61.0,0.51,2014,8,0.0
1240,CA,METHAMPHETAMINE,0.0,0.028999999999999998,2014,8,0.0
1241,GA,METHAMPHETAMINE,97.0,88.0,2014,8,0.0
1242,MA,METHAMPHETAMINE,99.0,28.0,2014,8,0.0
1243,NM,METHAMPHETAMINE,97.0,2.9,2014,8,0.0
1244,SC,METHAMPHETAMINE,0.0,0.13,2014,8,50.0
1245,CO,METHAMPHETAMINE,99.0,6700.0,2014,8,0.0
1246,CA,METHAMPHETAMINE,99.0,890.0,2014,8,0.0
1247,NV,METHAMPHETAMINE,99.0,28.0,2014,8,0.0
1248,NC,METHAMPHETAMINE,78.0,46.0,2014,8,0.0
1249,TX,METHAMPHETAMINE,99.0,50.0,2014,8,0.0
1250,NV,METHAMPHETAMINE,99.0,220.0,2014,8,0.0
1251,TX,METHAMPHETAMINE,93.0,0.3,2014,8,0.0
1252,UT,METHAMPHETAMINE,98.0,2200.0,2014,8,0.0
1253,CA,METHAMPHETAMINE,100.0,2.9,2014,8,4500.0
1254,TX,METHAMPHETAMINE,96.0,14.0,2014,8,0.0
1255,FL,METHAMPHETAMINE,0.0,14.0,2014,8,0.0
1256,TX,METHAMPHETAMINE,90.0,140.0,2014,8,0.0
1257,CA,METHAMPHETAMINE,99.0,220.0,2014,8,5600.0
1258,CA,METHAMPHETAMINE,97.0,14000.0,2014,8,0.0
1259,AZ,METHAMPHETAMINE,99.0,2600.0,2014,8,0.0
1260,TX,METHAMPHETAMINE,99.0,4400.0,2014,8,0.0
1261,CA,METHAMPHETAMINE,66.0,0.92,2014,8,0.0
1262,CA,METHAMPHETAMINE,99.0,2.0,2014,8,0.0
1263,AZ,METHAMPHETAMINE,97.0,880.0,2014,8,0.0
1264,FL,METHAMPHETAMINE,0.0,0.001,2014,8,0.0
1265,FL,METHAMPHETAMINE,94.0,6000.0,2014,8,0.0
1266,CO,METHAMPHETAMINE,97.0,370.0,2014,8,0.0
1267,CA,METHAMPHETAMINE,97.0,19000.0,2014,8,0.0
1268,CA,METHAMPHETAMINE,0.0,0.001,2014,8,0.0
1269,CA,METHAMPHETAMINE,95.0,4500.0,2014,8,0.0
1270,TX,METHAMPHETAMINE,99.0,52.0,2014,8,0.0
1271,CA,METHAMPHETAMINE,99.0,440.0,2014,8,4200.0
1272,FL,METHAMPHETAMINE,0.0,0.001,2014,8,0.0
1273,NV,METHAMPHETAMINE,97.0,100.0,2014,8,0.0
1274,AZ,METHAMPHETAMINE,99.0,890.0,2014,8,7000.0
1275,TX,METHAMPHETAMINE,98.0,3.7,2014,8,0.0
1276,CA,METHAMPHETAMINE,100.0,1800.0,2014,8,0.0
1277,KY,METHAMPHETAMINE,98.0,14.0,2014,8,0.0
1278,CA,METHAMPHETAMINE,99.0,4500.0,2014,8,0.0
1279,CA,METHAMPHETAMINE,98.0,6.5,2014,8,230.0
1280,AZ,METHAMPHETAMINE,98.0,3.0,2014,8,0.0
1281,CA,METHAMPHETAMINE,98.0,450.0,2014,8,4300.0
1282,CA,METHAMPHETAMINE,0.0,0.001,2014,8,0.0
1283,CA,METHAMPHETAMINE,98.0,450.0,2014,8,4500.0
1284,MS,METHAMPHETAMINE,99.0,3.1,2014,8,0.0
1285,CO,METHAMPHETAMINE,99.0,200.0,2014,8,0.0
1286,TX,METHAMPHETAMINE,91.0,120000.0,2014,8,0.0
1287,LA,METHAMPHETAMINE,99.0,5.2,2014,8,0.0
1288,GA,METHAMPHETAMINE,98.0,110.0,2014,8,0.0
1289,CA,METHAMPHETAMINE,98.0,56.0,2014,8,1100.0
1290,AZ,METHAMPHETAMINE,100.0,440.0,2014,8,3500.0
1291,FL,METHAMPHETAMINE,98.0,1.7,2014,8,0.0
1292,AZ,METHAMPHETAMINE,89.0,4500.0,2014,8,0.0
1293,MS,METHAMPHETAMINE,100.0,55.0,2014,8,0.0
1294,UT,METHAMPHETAMINE,98.0,1800.0,2014,8,0.0
1295,CA,METHAMPHETAMINE,100.0,450.0,2014,8,3900.0
1296,CA,METHAMPHETAMINE,0.0,0.001,2014,8,0.0
1297,CA,METHAMPHETAMINE,99.0,7.9,2014,8,0.0
1298,CA,METHAMPHETAMINE,100.0,450.0,2014,8,0.0
1299,AZ,METHAMPHETAMINE,99.0,3.0,2014,8,7000.0
1300,CO,METHAMPHETAMINE,99.0,14000.0,2014,8,0.0
1301,TX,METHAMPHETAMINE,99.0,4300.0,2014,8,0.0
1302,GM,METHAMPHETAMINE,97.0,1800.0,2014,8,0.0
1303,CA,METHAMPHETAMINE,99.0,1800.0,2014,8,0.0
1304,CA,METHAMPHETAMINE,99.0,85.0,2014,8,0.0
1305,FL,METHAMPHETAMINE,0.0,5.9,2014,8,0.0
1306,TX,METHAMPHETAMINE,99.0,970.0,2014,8,0.0
1307,NY,METHAMPHETAMINE,6.0,9.3,2014,8,400.0
1308,NM,METHAMPHETAMINE,98.0,1300.0,2014,8,0.0
1309,CA,METHAMPHETAMINE,99.0,11.0,2014,8,0.0
1310,TX,METHAMPHETAMINE,100.0,100.0,2014,8,0.0
1311,WV,METHAMPHETAMINE,99.0,5.4,2014,8,200.0
1312,CA,METHAMPHETAMINE,98.0,220.0,2014,8,2400.0
1313,FL,METHAMPHETAMINE,0.0,0.001,2014,8,0.0
1314,CA,METHAMPHETAMINE,100.0,3.4,2014,8,100.0
1315,CA,METHAMPHETAMINE,99.0,2.8,2014,8,0.0
1316,CA,METHAMPHETAMINE,99.0,9800.0,2014,8,0.0
1317,CA,METHAMPHETAMINE,100.0,2600.0,2014,8,0.0
1318,CA,METHAMPHETAMINE,99.0,0.41,2014,8,0.0
1319,ID,METHAMPHETAMINE,95.0,25.0,2014,8,1200.0
1320,GA,METHAMPHETAMINE,96.0,84.0,2014,8,0.0
1321,CO,METHAMPHETAMINE,97.0,100.0,2014,8,0.0
1322,TX,METHAMPHETAMINE,98.0,2.9,2014,8,0.0
1323,SC,METHAMPHETAMINE,0.0,0.065,2014,8,50.0
1324,TX,METHAMPHETAMINE,97.0,3900.0,2014,8,0.0
1325,NV,METHAMPHETAMINE,94.0,15.0,2014,8,0.0
1326,CA,METHAMPHETAMINE,99.0,1400.0,2014,8,0.0
1327,CA,METHAMPHETAMINE,100.0,49.0,2014,8,1000.0
1328,FL,METHAMPHETAMINE,0.0,0.001,2014,8,0.0
1329,NV,METHAMPHETAMINE,98.0,28.0,2014,8,850.0
1330,TX,METHAMPHETAMINE,85.0,890.0,2014,8,0.0
1331,CA,METHAMPHETAMINE,99.0,110.0,2014,8,2000.0
1332,CO,METHAMPHETAMINE,99.0,510.0,2014,8,0.0
1333,UT,METHAMPHETAMINE,98.0,1.0,2014,8,0.0
1334,AR,METHAMPHETAMINE,99.0,140.0,2014,8,0.0
1335,FL,METHAMPHETAMINE,0.0,0.001,2014,8,0.0
1336,AZ,METHAMPHETAMINE,0.0,0.083,2014,8,20.0
1337,CO,METHAMPHETAMINE,100.0,140.0,2014,8,0.0
1338,CA,METHAMPHETAMINE,100.0,49.0,2014,8,900.0
1339,CA,METHAMPHETAMINE,0.0,0.001,2014,8,0.0
1340,NY,METHAMPHETAMINE,6.0,30.0,2014,8,0.0
1341,TX,METHAMPHETAMINE,97.0,11.0,2014,8,0.0
1342,SC,METHAMPHETAMINE,0.0,0.022000000000000002,2014,8,50.0
1343,NV,METHAMPHETAMINE,98.0,130.0,2014,8,0.0
1344,NC,METHAMPHETAMINE,90.0,2.0,2014,8,0.0
1345,CA,METHAMPHETAMINE,98.0,290.0,2014,8,0.0
1346,SD,METHAMPHETAMINE,100.0,27.0,2014,8,0.0
1347,GA,METHAMPHETAMINE,100.0,110.0,2014,8,0.0
1348,CA,METHAMPHETAMINE,99.0,2.9,2014,8,230.0
1349,NM,METHAMPHETAMINE,96.0,6700.0,2014,8,0.0
1350,CA,METHAMPHETAMINE,99.0,6600.0,2014,8,0.0
1351,AZ,METHAMPHETAMINE,99.0,8700.0,2014,8,0.0
1352,CA,METHAMPHETAMINE,100.0,3.0,2014,8,0.0
1353,FL,METHAMPHETAMINE,0.0,15.0,2014,8,0.0
1354,CO,METHAMPHETAMINE,100.0,4800.0,2014,8,0.0
1355,NC,METHAMPHETAMINE,0.0,0.001,2014,8,0.0
1356,TX,METHAMPHETAMINE,99.0,1700.0,2014,8,0.0
1357,CA,METHAMPHETAMINE,98.0,2600.0,2014,8,0.0
1358,NV,METHAMPHETAMINE,97.0,26.0,2014,8,850.0
1359,MO,METHAMPHETAMINE,100.0,440.0,2014,8,0.0
1360,NM,METHAMPHETAMINE,83.0,850.0,2014,8,0.0
1361,ID,METHAMPHETAMINE,98.0,54.0,2014,8,2300.0
1362,CA,METHAMPHETAMINE,98.0,3.5,2014,8,0.0
1363,FL,METHAMPHETAMINE,95.0,0.73,2014,8,0.0
1364,SD,METHAMPHETAMINE,100.0,200.0,2014,8,0.0
1365,HI,METHAMPHETAMINE,98.0,56.0,2014,8,2200.0
1366,CO,METHAMPHETAMINE,0.0,4.8,2014,9,0.0
1367,GA,METHAMPHETAMINE,2.0,1.1,2014,9,0.0
1368,CA,METHAMPHETAMINE,98.0,110.0,2014,9,1500.0
1369,TX,METHAMPHETAMINE,76.0,4.5,2014,9,0.0
1370,CA,METHAMPHETAMINE,99.0,2.3,2014,9,0.0
1371,CA,METHAMPHETAMINE,99.0,3.0,2014,9,500.0
1372,CO,METHAMPHETAMINE,0.0,22.0,2014,9,0.0
1373,GA,METHAMPHETAMINE,0.0,0.3,2014,9,0.0
1374,MT,METHAMPHETAMINE,73.0,1.4,2014,9,0.0
1375,CA,METHAMPHETAMINE,99.0,0.94,2014,9,0.0
1376,GA,METHAMPHETAMINE,1.0,19.0,2014,9,0.0
1377,NV,METHAMPHETAMINE,90.0,120.0,2014,9,1400.0
1378,IA,METHAMPHETAMINE,99.0,14.0,2014,9,650.0
1379,TX,METHAMPHETAMINE,95.0,160.0,2014,9,0.0
1380,GA,METHAMPHETAMINE,0.0,0.29,2014,9,0.0
1381,GM,METHAMPHETAMINE,0.0,0.001,2014,9,0.0
1382,TX,METHAMPHETAMINE,35.0,28.0,2014,9,0.0
1383,NE,METHAMPHETAMINE,100.0,0.94,2014,9,0.0
1384,NM,METHAMPHETAMINE,99.0,140.0,2014,9,0.0
1385,FL,METHAMPHETAMINE,0.0,0.001,2014,9,0.0
1386,UT,METHAMPHETAMINE,100.0,1.0,2014,9,0.0
1387,CA,METHAMPHETAMINE,17.0,0.13,2014,9,0.0
1388,UT,METHAMPHETAMINE,100.0,3400.0,2014,9,0.0
1389,TX,METHAMPHETAMINE,95.0,55.0,2014,9,0.0
1390,CA,METHAMPHETAMINE,99.0,450.0,2014,9,6000.0
1391,AR,METHAMPHETAMINE,100.0,28.0,2014,9,1200.0
1392,GM,METHAMPHETAMINE,0.0,0.001,2014,9,0.0
1393,UT,METHAMPHETAMINE,100.0,13.0,2014,9,0.0
1394,NM,METHAMPHETAMINE,98.0,1700.0,2014,9,0.0
1395,KY,METHAMPHETAMINE,70.0,28.0,2014,9,1500.0
1396,CA,METHAMPHETAMINE,97.0,2.2,2014,9,0.0
1397,TX,METHAMPHETAMINE,97.0,200.0,2014,9,0.0
1398,GM,METHAMPHETAMINE,0.0,0.001,2014,9,0.0
1399,OK,METHAMPHETAMINE,100.0,3100.0,2014,9,0.0
1400,HI,METHAMPHETAMINE,100.0,1.0,2014,9,0.0
1401,NM,METHAMPHETAMINE,99.0,440.0,2014,9,0.0
1402,TX,METHAMPHETAMINE,98.0,990.0,2014,9,0.0
1403,AZ,METHAMPHETAMINE,99.0,890.0,2014,9,0.0
1404,AZ,METHAMPHETAMINE,99.0,440.0,2014,9,4000.0
1405,PA,METHAMPHETAMINE,98.0,3.0,2014,9,2500.0
1406,FL,METHAMPHETAMINE,96.0,14.0,2014,9,0.0
1407,CA,METHAMPHETAMINE,98.0,820.0,2014,9,0.0
1408,AZ,METHAMPHETAMINE,98.0,890.0,2014,9,0.0
1409,GA,METHAMPHETAMINE,2.0,2.0,2014,9,0.0
1410,TX,METHAMPHETAMINE,99.0,3.1,2014,9,2700.0
1411,FL,METHAMPHETAMINE,0.0,0.001,2014,9,0.0
1412,CA,METHAMPHETAMINE,99.0,0.52,2014,9,0.0
1413,CA,METHAMPHETAMINE,99.0,1800.0,2014,9,0.0
1414,TX,METHAMPHETAMINE,98.0,5.9,2014,9,650.0
1415,GA,METHAMPHETAMINE,0.0,0.31,2014,9,0.0
1416,IA,METHAMPHETAMINE,100.0,14.0,2014,9,850.0
1417,AZ,METHAMPHETAMINE,99.0,3.0,2014,9,0.0
1418,TX,METHAMPHETAMINE,72.0,0.46,2014,9,0.0
1419,CA,METHAMPHETAMINE,99.0,1.7,2014,9,180.0
1420,NV,METHAMPHETAMINE,95.0,28.0,2014,9,850.0
1421,CA,METHAMPHETAMINE,99.0,27.0,2014,9,500.0
1422,TX,METHAMPHETAMINE,98.0,990.0,2014,9,0.0
1423,WA,METHAMPHETAMINE,98.0,6200.0,2014,9,0.0
1424,WA,METHAMPHETAMINE,97.0,7.1,2014,9,1500.0
1425,FL,METHAMPHETAMINE,99.0,5800.0,2014,9,0.0
1426,NE,METHAMPHETAMINE,100.0,2.2,2014,9,0.0
1427,TX,METHAMPHETAMINE,99.0,28.0,2014,9,800.0
1428,TX,METHAMPHETAMINE,69.0,3.4,2014,9,280.0
1429,MT,METHAMPHETAMINE,87.0,0.91,2014,9,0.0
1430,AZ,METHAMPHETAMINE,100.0,890.0,2014,9,9000.0
1431,HI,METHAMPHETAMINE,99.0,2600.0,2014,9,0.0
1432,WV,METHAMPHETAMINE,0.0,0.051,2014,9,0.0
1433,TX,METHAMPHETAMINE,0.0,0.001,2014,9,0.0
1434,CA,METHAMPHETAMINE,99.0,56.0,2014,9,900.0
1435,GA,METHAMPHETAMINE,0.0,0.28,2014,9,0.0
1436,FL,METHAMPHETAMINE,99.0,2.9,2014,9,0.0
1437,MO,METHAMPHETAMINE,93.0,360.0,2014,9,0.0
1438,AR,METHAMPHETAMINE,79.0,28.0,2014,9,1200.0
1439,CA,METHAMPHETAMINE,99.0,1900.0,2014,9,0.0
1440,CA,METHAMPHETAMINE,88.0,84.0,2014,9,1400.0
1441,GA,METHAMPHETAMINE,0.0,0.33,2014,9,0.0
1442,AZ,METHAMPHETAMINE,100.0,9400.0,2014,9,0.0
1443,OK,METHAMPHETAMINE,100.0,440.0,2014,9,0.0
1444,TX,METHAMPHETAMINE,98.0,3.2,2014,9,0.0
1445,UT,METHAMPHETAMINE,100.0,170.0,2014,9,3000.0
1446,NC,METHAMPHETAMINE,0.0,0.18,2014,9,0.0
1447,KY,METHAMPHETAMINE,88.0,54.0,2014,9,3000.0
1448,TX,METHAMPHETAMINE,100.0,26.0,2014,9,1200.0
1449,CA,METHAMPHETAMINE,98.0,3600.0,2014,9,0.0
1450,HI,METHAMPHETAMINE,0.0,0.001,2014,9,0.0
1451,GA,METHAMPHETAMINE,99.0,3.6,2014,9,0.0
1452,WV,METHAMPHETAMINE,98.0,3.5,2014,9,0.0
1453,GM,METHAMPHETAMINE,0.0,0.001,2014,9,0.0
1454,CA,METHAMPHETAMINE,98.0,3100.0,2014,9,0.0
1455,CA,METHAMPHETAMINE,99.0,56.0,2014,9,1000.0
1456,AZ,METHAMPHETAMINE,92.0,390.0,2014,9,0.0
1457,HI,METHAMPHETAMINE,0.0,0.04,2014,9,0.0
1458,WV,METHAMPHETAMINE,98.0,2.3,2014,9,0.0
1459,PA,METHAMPHETAMINE,99.0,100.0,2014,9,2500.0
1460,FL,METHAMPHETAMINE,72.0,23.0,2014,9,0.0
1461,FL,METHAMPHETAMINE,95.0,2000.0,2014,9,0.0
1462,IA,METHAMPHETAMINE,77.0,14.0,2014,9,950.0
1463,CA,METHAMPHETAMINE,100.0,730.0,2014,9,0.0
1464,IL,METHAMPHETAMINE,96.0,3.0,2014,9,0.0
1465,MT,METHAMPHETAMINE,0.0,0.032,2014,9,0.0
1466,AZ,METHAMPHETAMINE,99.0,5800.0,2014,9,0.0
1467,MT,METHAMPHETAMINE,100.0,84.0,2014,9,0.0
1468,TX,METHAMPHETAMINE,98.0,2.7,2014,9,500.0
1469,MI,METHAMPHETAMINE,100.0,48.0,2014,9,0.0
1470,AL,METHAMPHETAMINE,99.0,2.9,2014,9,0.0
1471,IL,METHAMPHETAMINE,90.0,1800.0,2014,9,0.0
1472,AL,METHAMPHETAMINE,99.0,3400.0,2014,9,0.0
1473,FL,METHAMPHETAMINE,0.0,0.001,2014,9,0.0
1474,TX,METHAMPHETAMINE,98.0,450.0,2014,9,0.0
1475,CA,METHAMPHETAMINE,100.0,920.0,2014,9,0.0
1476,TX,METHAMPHETAMINE,93.0,500.0,2014,9,4000.0
1477,MT,METHAMPHETAMINE,98.0,7.3,2014,9,0.0
1478,HI,METHAMPHETAMINE,99.0,81.0,2014,9,3900.0
1479,FL,METHAMPHETAMINE,0.0,160.0,2014,9,0.0
1480,LA,METHAMPHETAMINE,84.0,0.17,2014,9,30.0
1481,CA,METHAMPHETAMINE,100.0,11000.0,2014,9,0.0
1482,WI,METHAMPHETAMINE,94.0,890.0,2014,9,0.0
1483,TX,METHAMPHETAMINE,100.0,440.0,2014,9,7000.0
1484,CA,METHAMPHETAMINE,100.0,32.0,2014,9,0.0
1485,AZ,METHAMPHETAMINE,98.0,2200.0,2014,9,0.0
1486,AR,METHAMPHETAMINE,98.0,14.0,2014,9,0.0
1487,CA,METHAMPHETAMINE,100.0,57.0,2014,9,0.0
1488,TX,METHAMPHETAMINE,96.0,2200.0,2014,9,0.0
1489,NE,METHAMPHETAMINE,100.0,25.0,2014,9,1300.0
1490,GA,METHAMPHETAMINE,0.0,0.001,2014,9,0.0
1491,IA,METHAMPHETAMINE,78.0,6.4,2014,9,550.0
1492,TX,METHAMPHETAMINE,94.0,440.0,2014,9,0.0
1493,GA,METHAMPHETAMINE,0.0,0.17,2014,9,0.0
1494,GA,METHAMPHETAMINE,82.0,3000.0,2014,9,0.0
1495,AZ,METHAMPHETAMINE,100.0,440.0,2014,9,3000.0
1496,CA,METHAMPHETAMINE,98.0,2.8,2014,9,900.0
1497,NM,METHAMPHETAMINE,96.0,2.9,2014,9,0.0
1498,NJ,METHAMPHETAMINE,97.0,27.0,2014,9,0.0
1499,NJ,METHAMPHETAMINE,99.0,0.27,2014,9,0.0
1500,NV,METHAMPHETAMINE,97.0,110.0,2014,9,1500.0
1501,CA,METHAMPHETAMINE,100.0,20000.0,2014,9,0.0
1502,TX,METHAMPHETAMINE,99.0,84.0,2014,9,2700.0
1503,CA,METHAMPHETAMINE,100.0,450.0,2014,9,3500.0
1504,TX,METHAMPHETAMINE,71.0,1200.0,2014,9,0.0
1505,MT,METHAMPHETAMINE,0.0,0.37,2014,9,0.0
1506,AZ,METHAMPHETAMINE,99.0,150.0,2014,9,0.0
1507,GA,METHAMPHETAMINE,2.0,5.1,2014,9,0.0
1508,WV,METHAMPHETAMINE,99.0,3.3,2014,9,0.0
1509,TX,METHAMPHETAMINE,90.0,39.0,2014,9,0.0
1511,PA,METHAMPHETAMINE,99.0,100.0,2014,9,0.0
1513,FL,METHAMPHETAMINE,99.0,920.0,2014,9,0.0
1514,CA,METHAMPHETAMINE,99.0,13.0,2014,9,200.0
1515,GA,METHAMPHETAMINE,98.0,6.4,2014,9,0.0
1516,TX,METHAMPHETAMINE,100.0,110.0,2014,9,0.0
1517,MN,METHAMPHETAMINE,100.0,220.0,2014,9,0.0
1518,GA,METHAMPHETAMINE,1.0,2.0,2014,9,0.0
1519,CA,METHAMPHETAMINE,89.0,39.0,2014,9,1000.0
1520,CO,METHAMPHETAMINE,83.0,28.0,2014,9,800.0
1521,ID,METHAMPHETAMINE,100.0,2.9,2014,10,0.0
1522,GA,METHAMPHETAMINE,98.0,750.0,2014,10,0.0
1523,CA,METHAMPHETAMINE,0.0,0.001,2014,10,0.0
1524,TX,METHAMPHETAMINE,99.0,55.0,2014,10,1600.0
1525,FL,METHAMPHETAMINE,99.0,27.0,2014,10,0.0
1526,HI,METHAMPHETAMINE,0.0,0.001,2014,10,0.0
1527,NV,METHAMPHETAMINE,99.0,2.8,2014,10,0.0
1528,MT,METHAMPHETAMINE,99.0,1.3,2014,10,0.0
1529,IA,METHAMPHETAMINE,100.0,2.5,2014,10,0.0
1530,MN,METHAMPHETAMINE,100.0,1500.0,2014,10,0.0
1531,ID,METHAMPHETAMINE,97.0,110.0,2014,10,0.0
1532,GA,METHAMPHETAMINE,97.0,15.0,2014,10,0.0
1533,CA,METHAMPHETAMINE,99.0,0.47,2014,10,0.0
1534,HI,METHAMPHETAMINE,100.0,1300.0,2014,10,0.0
1535,HI,METHAMPHETAMINE,0.0,0.001,2014,10,0.0
1536,FL,METHAMPHETAMINE,88.0,2.6,2014,10,0.0
1537,MO,METHAMPHETAMINE,97.0,20.0,2014,10,0.0
1538,CA,METHAMPHETAMINE,99.0,37.0,2014,10,0.0
1540,HI,METHAMPHETAMINE,98.0,0.4,2014,10,0.0
1541,WA,METHAMPHETAMINE,93.0,27.0,2014,10,750.0
1542,AL,METHAMPHETAMINE,98.0,220.0,2014,10,6000.0
1543,CA,METHAMPHETAMINE,99.0,3600.0,2014,10,0.0
1544,OR,METHAMPHETAMINE,100.0,3.2,2014,10,0.0
1545,NV,METHAMPHETAMINE,95.0,0.62,2014,10,0.0
1546,MO,METHAMPHETAMINE,100.0,190.0,2014,10,0.0
1547,CA,METHAMPHETAMINE,0.0,0.094,2014,10,0.0
1548,MN,METHAMPHETAMINE,6.0,70.0,2014,10,0.0
1549,NE,METHAMPHETAMINE,100.0,14.0,2014,10,650.0
1550,UT,METHAMPHETAMINE,98.0,8800.0,2014,10,0.0
1551,LA,METHAMPHETAMINE,81.0,470.0,2014,10,0.0
1552,IA,METHAMPHETAMINE,100.0,0.88,2014,10,0.0
1553,PA,METHAMPHETAMINE,45.0,3.2,2014,10,550.0
1554,MO,METHAMPHETAMINE,98.0,580.0,2014,10,0.0
1555,CA,METHAMPHETAMINE,98.0,430.0,2014,10,5500.0
1556,FL,METHAMPHETAMINE,99.0,990.0,2014,10,0.0
1557,IA,METHAMPHETAMINE,100.0,90.0,2014,10,0.0
1558,MT,METHAMPHETAMINE,100.0,3.7,2014,10,0.0
1559,AR,METHAMPHETAMINE,97.0,1800.0,2014,10,0.0
1560,MT,METHAMPHETAMINE,98.0,220.0,2014,10,0.0
1561,CA,METHAMPHETAMINE,0.0,0.001,2014,10,0.0
1562,CA,METHAMPHETAMINE,100.0,49.0,2014,10,800.0
1563,HI,METHAMPHETAMINE,98.0,0.87,2014,10,0.0
1564,CA,METHAMPHETAMINE,99.0,1.3,2014,10,0.0
1565,FL,METHAMPHETAMINE,99.0,2.9,2014,10,0.0
1566,CA,METHAMPHETAMINE,99.0,3000.0,2014,10,0.0
1567,CA,METHAMPHETAMINE,99.0,27.0,2014,10,0.0
1568,WA,METHAMPHETAMINE,100.0,670.0,2014,10,0.0
1569,CA,METHAMPHETAMINE,98.0,500.0,2014,10,0.0
1570,GA,METHAMPHETAMINE,0.0,4100.0,2014,10,0.0
1571,MI,METHAMPHETAMINE,100.0,27.0,2014,10,0.0
1572,HI,METHAMPHETAMINE,0.0,0.001,2014,10,0.0
1573,NE,METHAMPHETAMINE,99.0,28.0,2014,10,1100.0
1574,CA,METHAMPHETAMINE,100.0,1300.0,2014,10,0.0
1575,HI,METHAMPHETAMINE,99.0,82.0,2014,10,0.0
1576,GA,METHAMPHETAMINE,97.0,13.0,2014,10,0.0
1577,TX,METHAMPHETAMINE,88.0,2.8,2014,10,1600.0
1578,CA,METHAMPHETAMINE,97.0,7800.0,2014,10,0.0
1579,TX,METHAMPHETAMINE,99.0,110.0,2014,10,1600.0
1580,AZ,METHAMPHETAMINE,99.0,3600.0,2014,10,0.0
1581,CA,METHAMPHETAMINE,44.0,47.0,2014,10,0.0
1582,FL,METHAMPHETAMINE,98.0,28.0,2014,10,2200.0
1583,CA,METHAMPHETAMINE,98.0,1300.0,2014,10,0.0
1584,IA,METHAMPHETAMINE,100.0,260.0,2014,10,0.0
1585,CA,METHAMPHETAMINE,100.0,0.35,2014,10,0.0
1586,CA,METHAMPHETAMINE,100.0,870.0,2014,10,0.0
1587,CA,METHAMPHETAMINE,99.0,2200.0,2014,10,0.0
1588,GA,METHAMPHETAMINE,0.0,0.001,2014,10,0.0
1589,CA,METHAMPHETAMINE,0.0,0.032,2014,10,0.0
1590,PA,METHAMPHETAMINE,91.0,2.6,2014,10,550.0
1591,AZ,METHAMPHETAMINE,99.0,7900.0,2014,10,0.0
1592,IA,METHAMPHETAMINE,93.0,0.87,2014,10,0.0
1593,AR,METHAMPHETAMINE,96.0,2.8,2014,10,0.0
1594,CA,METHAMPHETAMINE,99.0,11000.0,2014,10,0.0
1595,IA,METHAMPHETAMINE,0.0,0.022000000000000002,2014,10,0.0
1596,NV,METHAMPHETAMINE,95.0,220.0,2014,10,0.0
1597,TX,METHAMPHETAMINE,91.0,15000.0,2014,10,0.0
1598,TX,METHAMPHETAMINE,98.0,3000.0,2014,10,0.0
1599,GA,METHAMPHETAMINE,0.0,0.26,2014,10,0.0
1600,MN,METHAMPHETAMINE,98.0,710.0,2014,10,0.0
1601,AR,METHAMPHETAMINE,76.0,28.0,2014,10,840.0
1602,WA,METHAMPHETAMINE,98.0,56.0,2014,10,1400.0
1603,TX,METHAMPHETAMINE,81.0,18.0,2014,10,0.0
1604,UT,METHAMPHETAMINE,98.0,3800.0,2014,10,0.0
1605,TX,METHAMPHETAMINE,99.0,28.0,2014,10,800.0
1606,TX,METHAMPHETAMINE,93.0,55.0,2014,10,1600.0
1607,FL,METHAMPHETAMINE,94.0,55.0,2014,10,2200.0
1608,MN,METHAMPHETAMINE,100.0,4400.0,2014,10,0.0
1609,HI,METHAMPHETAMINE,99.0,110.0,2014,10,0.0
1610,AZ,METHAMPHETAMINE,100.0,1.3,2014,10,0.0
1611,AZ,METHAMPHETAMINE,99.0,12000.0,2014,10,0.0
1612,HI,METHAMPHETAMINE,99.0,1.0,2014,10,0.0
1613,HI,METHAMPHETAMINE,98.0,110.0,2014,10,0.0
1614,CA,METHAMPHETAMINE,98.0,14.0,2014,10,380.0
1615,NE,METHAMPHETAMINE,100.0,7.1,2014,10,280.0
1616,CA,METHAMPHETAMINE,0.0,0.001,2014,10,0.0
1617,FL,METHAMPHETAMINE,96.0,1900.0,2014,10,0.0
1618,FL,METHAMPHETAMINE,99.0,2.8,2014,10,0.0
1619,WA,METHAMPHETAMINE,100.0,56.0,2014,10,0.0
1620,CA,METHAMPHETAMINE,99.0,64.0,2014,10,0.0
1621,GA,METHAMPHETAMINE,95.0,640.0,2014,10,0.0
1622,TX,METHAMPHETAMINE,94.0,2.8,2014,10,0.0
1623,TX,METHAMPHETAMINE,95.0,9900.0,2014,10,0.0
1624,CA,METHAMPHETAMINE,0.0,0.001,2014,10,0.0
1625,CA,METHAMPHETAMINE,97.0,440.0,2014,10,7000.0
1626,NE,METHAMPHETAMINE,85.0,6.3,2014,10,830.0
1627,MD,METHAMPHETAMINE,0.0,20.0,2014,10,0.0
1628,NE,METHAMPHETAMINE,100.0,3.3,2014,10,830.0
1629,NM,METHAMPHETAMINE,100.0,11.0,2014,10,0.0
1630,CA,METHAMPHETAMINE,0.0,0.036000000000000004,2014,10,0.0
1631,WA,METHAMPHETAMINE,92.0,160.0,2014,10,0.0
1632,CA,METHAMPHETAMINE,0.0,0.001,2014,10,0.0
1633,FL,METHAMPHETAMINE,64.0,990.0,2014,10,0.0
1634,CA,METHAMPHETAMINE,99.0,55.0,2014,10,1200.0
1635,HI,METHAMPHETAMINE,0.0,0.001,2014,10,0.0
1636,TX,METHAMPHETAMINE,97.0,0.17,2014,10,0.0
1637,MN,METHAMPHETAMINE,99.0,870.0,2014,10,0.0
1638,NE,METHAMPHETAMINE,57.0,14.0,2014,10,900.0
1639,MT,METHAMPHETAMINE,96.0,3.2,2014,10,0.0
1640,MN,METHAMPHETAMINE,9.0,230.0,2014,10,0.0
1641,CA,METHAMPHETAMINE,0.0,0.001,2014,10,0.0
1642,CA,METHAMPHETAMINE,99.0,440.0,2014,10,3700.0
1643,NM,METHAMPHETAMINE,100.0,0.33,2014,10,0.0
1644,FL,METHAMPHETAMINE,99.0,28.0,2014,10,2200.0
1645,CA,METHAMPHETAMINE,99.0,0.77,2014,10,0.0
1646,GA,METHAMPHETAMINE,100.0,28.0,2014,10,1100.0
1647,CO,METHAMPHETAMINE,98.0,1300.0,2014,10,0.0
1648,CA,METHAMPHETAMINE,99.0,2500.0,2014,10,0.0
1649,IA,METHAMPHETAMINE,100.0,4.2,2014,10,0.0
1650,CA,METHAMPHETAMINE,99.0,28.0,2014,10,0.0
1651,IA,METHAMPHETAMINE,0.0,0.14,2014,10,0.0
1652,TX,METHAMPHETAMINE,99.0,8.1,2014,10,1500.0
1653,CA,METHAMPHETAMINE,100.0,0.61,2014,10,0.0
1654,GA,METHAMPHETAMINE,0.0,0.001,2014,10,0.0
1655,CA,METHAMPHETAMINE,99.0,850.0,2014,10,0.0
1656,IA,METHAMPHETAMINE,77.0,55.0,2014,10,2800.0
1657,IA,METHAMPHETAMINE,82.0,14.0,2014,10,0.0
1658,CA,METHAMPHETAMINE,100.0,890.0,2014,10,0.0
1659,IA,METHAMPHETAMINE,99.0,490.0,2014,10,0.0
1660,KS,METHAMPHETAMINE,98.0,17000.0,2014,10,0.0
1661,TX,METHAMPHETAMINE,99.0,3000.0,2014,10,0.0
1662,CA,METHAMPHETAMINE,98.0,2.4,2014,10,0.0
1663,AR,METHAMPHETAMINE,92.0,4000.0,2014,10,0.0
1664,IA,METHAMPHETAMINE,0.0,0.001,2014,10,0.0
1665,GA,METHAMPHETAMINE,99.0,75.0,2014,10,0.0
1666,KY,METHAMPHETAMINE,100.0,13.0,2014,10,0.0
1667,HI,METHAMPHETAMINE,99.0,110.0,2014,10,0.0
1668,GA,METHAMPHETAMINE,0.0,0.25,2014,10,0.0
1669,TX,METHAMPHETAMINE,97.0,2.8,2014,10,0.0
1670,LA,METHAMPHETAMINE,90.0,110.0,2014,10,0.0
1671,CA,METHAMPHETAMINE,0.0,0.001,2014,10,0.0
1672,IA,METHAMPHETAMINE,87.0,25.0,2014,10,1400.0
1673,LA,METHAMPHETAMINE,93.0,520.0,2014,10,0.0
1674,HI,METHAMPHETAMINE,98.0,83.0,2014,10,3000.0
1675,AR,METHAMPHETAMINE,100.0,1.9,2014,10,160.0
1676,MI,METHAMPHETAMINE,100.0,2200.0,2014,10,0.0
1677,NV,METHAMPHETAMINE,100.0,71.0,2014,10,1300.0
1678,MT,METHAMPHETAMINE,0.0,0.001,2014,10,0.0
1679,MT,METHAMPHETAMINE,78.0,7.0,2014,10,0.0
1680,MT,METHAMPHETAMINE,96.0,28.0,2014,10,0.0
1681,IA,METHAMPHETAMINE,100.0,360.0,2014,10,0.0
1682,FL,METHAMPHETAMINE,51.0,980.0,2014,10,0.0
1683,WA,METHAMPHETAMINE,99.0,28.0,2014,10,0.0
1684,CA,METHAMPHETAMINE,98.0,28.0,2014,10,0.0
1685,MD,METHAMPHETAMINE,0.0,0.001,2014,10,0.0
1686,IA,METHAMPHETAMINE,100.0,23.0,2014,10,0.0
1687,FL,METHAMPHETAMINE,63.0,990.0,2014,10,0.0
1688,FL,METHAMPHETAMINE,99.0,3.0,2014,10,2200.0
1689,NE,METHAMPHETAMINE,99.0,84.0,2014,10,2800.0
1690,MT,METHAMPHETAMINE,0.0,0.001,2014,10,0.0
1691,CA,METHAMPHETAMINE,99.0,2.5,2014,10,0.0
1692,WA,METHAMPHETAMINE,98.0,150.0,2014,11,0.0
1693,HI,METHAMPHETAMINE,99.0,84.0,2014,11,3000.0
1694,VA,METHAMPHETAMINE,99.0,28.0,2014,11,1000.0
1695,KY,METHAMPHETAMINE,100.0,28.0,2014,11,0.0
1696,NE,METHAMPHETAMINE,99.0,360.0,2014,11,0.0
1697,TX,METHAMPHETAMINE,95.0,71.0,2014,11,0.0
1698,NE,METHAMPHETAMINE,100.0,5.0,2014,11,0.0
1699,FL,METHAMPHETAMINE,99.0,110.0,2014,11,0.0
1700,NE,METHAMPHETAMINE,97.0,0.16,2014,11,0.0
1701,CA,METHAMPHETAMINE,98.0,8000.0,2014,11,0.0
1702,CA,METHAMPHETAMINE,100.0,2.9,2014,11,0.0
1703,MI,METHAMPHETAMINE,100.0,0.15,2014,11,0.0
1704,CA,METHAMPHETAMINE,98.0,870.0,2014,11,0.0
1705,GA,METHAMPHETAMINE,99.0,2.8,2014,11,1300.0
1706,AZ,METHAMPHETAMINE,100.0,1.4,2014,11,0.0
1708,CA,METHAMPHETAMINE,97.0,13000.0,2014,11,0.0
1709,TX,METHAMPHETAMINE,100.0,13.0,2014,11,0.0
1711,CA,METHAMPHETAMINE,99.0,260.0,2014,11,0.0
1712,CA,METHAMPHETAMINE,0.0,0.001,2014,11,0.0
1713,WA,METHAMPHETAMINE,98.0,14.0,2014,11,0.0
1714,TX,METHAMPHETAMINE,83.0,28.0,2014,11,800.0
1715,AZ,METHAMPHETAMINE,100.0,4400.0,2014,11,0.0
1716,PA,METHAMPHETAMINE,100.0,230.0,2014,11,0.0
1717,FL,METHAMPHETAMINE,98.0,31.0,2014,11,0.0
1718,GA,METHAMPHETAMINE,98.0,1600.0,2014,11,0.0
1719,FL,METHAMPHETAMINE,99.0,17.0,2014,11,0.0
1720,GA,METHAMPHETAMINE,98.0,2.8,2014,11,0.0
1721,CA,METHAMPHETAMINE,99.0,16.0,2014,11,400.0
1722,CA,METHAMPHETAMINE,12.0,24.0,2014,11,0.0
1723,CA,METHAMPHETAMINE,98.0,3.0,2014,11,0.0
1724,CA,METHAMPHETAMINE,99.0,890.0,2014,11,0.0
1725,OK,METHAMPHETAMINE,97.0,3.0,2014,11,0.0
1726,CA,METHAMPHETAMINE,100.0,3.0,2014,11,0.0
1727,CA,METHAMPHETAMINE,98.0,2.0,2014,11,0.0
1728,CA,METHAMPHETAMINE,99.0,32000.0,2014,11,0.0
1729,CA,METHAMPHETAMINE,99.0,2.9,2014,11,0.0
1730,FL,METHAMPHETAMINE,61.0,28.0,2014,11,1500.0
1731,MO,METHAMPHETAMINE,0.0,0.17,2014,11,0.0
1732,CA,METHAMPHETAMINE,10.0,5.4,2014,11,0.0
1733,FL,METHAMPHETAMINE,0.0,0.34,2014,11,0.0
1734,CA,METHAMPHETAMINE,99.0,630.0,2014,11,0.0
1735,GA,METHAMPHETAMINE,94.0,990.0,2014,11,0.0
1736,TN,METHAMPHETAMINE,100.0,3.6,2014,11,0.0
1737,AL,METHAMPHETAMINE,100.0,55.0,2014,11,2500.0
1738,ID,METHAMPHETAMINE,98.0,240.0,2014,11,0.0
1739,NE,METHAMPHETAMINE,100.0,14.0,2014,11,0.0
1740,MI,METHAMPHETAMINE,100.0,110.0,2014,11,0.0
1741,FL,METHAMPHETAMINE,96.0,54.0,2014,11,2200.0
1742,CA,METHAMPHETAMINE,99.0,5400.0,2014,11,0.0
1743,AL,METHAMPHETAMINE,98.0,150.0,2014,11,0.0
1744,NE,METHAMPHETAMINE,100.0,95.0,2014,11,0.0
1745,TX,METHAMPHETAMINE,0.0,0.001,2014,11,0.0
1746,WA,METHAMPHETAMINE,98.0,450.0,2014,11,0.0
1747,ID,METHAMPHETAMINE,98.0,2.6,2014,11,0.0
1748,NE,METHAMPHETAMINE,92.0,8.2,2014,11,0.0
1749,AZ,METHAMPHETAMINE,0.0,0.001,2014,11,0.0
1750,OK,METHAMPHETAMINE,86.0,220.0,2014,11,0.0
1751,WA,METHAMPHETAMINE,99.0,450.0,2014,11,0.0
1752,FL,METHAMPHETAMINE,0.0,0.001,2014,11,0.0
1753,CO,METHAMPHETAMINE,98.0,4400.0,2014,11,0.0
1754,TX,METHAMPHETAMINE,100.0,54.0,2014,11,1600.0
1755,CA,METHAMPHETAMINE,98.0,440.0,2014,11,0.0
1756,NE,METHAMPHETAMINE,99.0,8.3,2014,11,0.0
1757,AL,METHAMPHETAMINE,100.0,52.0,2014,11,0.0
1758,CA,METHAMPHETAMINE,98.0,110.0,2014,11,2000.0
1759,WA,METHAMPHETAMINE,100.0,21.0,2014,11,0.0
1760,CA,METHAMPHETAMINE,99.0,150.0,2014,11,0.0
1761,TX,METHAMPHETAMINE,96.0,0.88,2014,11,0.0
1762,CA,METHAMPHETAMINE,98.0,1200.0,2014,11,0.0
1763,CA,METHAMPHETAMINE,98.0,2.9,2014,11,0.0
1764,FL,METHAMPHETAMINE,99.0,130.0,2014,11,0.0
1765,WA,METHAMPHETAMINE,99.0,3.0,2014,11,0.0
1766,CA,METHAMPHETAMINE,81.0,320.0,2014,11,0.0
1767,AR,METHAMPHETAMINE,99.0,85.0,2014,11,0.0
1768,SC,METHAMPHETAMINE,99.0,1.4,2014,11,0.0
1769,PA,METHAMPHETAMINE,89.0,6.7,2014,11,700.0
1770,CA,METHAMPHETAMINE,99.0,9900.0,2014,11,0.0
1771,CA,METHAMPHETAMINE,44.0,5.3,2014,11,0.0
1772,GA,METHAMPHETAMINE,99.0,360.0,2014,11,0.0
1773,CA,METHAMPHETAMINE,99.0,13000.0,2014,11,0.0
1774,NV,METHAMPHETAMINE,98.0,82.0,2014,11,1700.0
1775,SC,METHAMPHETAMINE,100.0,0.54,2014,11,0.0
1776,CA,METHAMPHETAMINE,97.0,1800.0,2014,11,0.0
1777,MO,METHAMPHETAMINE,99.0,9.5,2014,11,0.0
1778,TX,METHAMPHETAMINE,65.0,82.0,2014,11,0.0
1779,FL,METHAMPHETAMINE,99.0,28.0,2014,11,0.0
1780,CA,METHAMPHETAMINE,95.0,2.9,2014,11,580.0
1781,GA,METHAMPHETAMINE,98.0,110.0,2014,11,0.0
1782,TX,METHAMPHETAMINE,0.0,0.001,2014,11,0.0
1783,CA,METHAMPHETAMINE,100.0,28.0,2014,11,580.0
1784,OK,METHAMPHETAMINE,100.0,890.0,2014,11,0.0
1785,CA,METHAMPHETAMINE,98.0,2.8,2014,11,0.0
1786,CA,METHAMPHETAMINE,100.0,28.0,2014,11,680.0
1787,AZ,METHAMPHETAMINE,99.0,2.2,2014,11,0.0
1788,CA,METHAMPHETAMINE,98.0,220.0,2014,11,2200.0
1789,OK,METHAMPHETAMINE,100.0,3.0,2014,11,0.0
1790,CA,METHAMPHETAMINE,62.0,93.0,2014,11,0.0
1791,NM,METHAMPHETAMINE,94.0,890.0,2014,11,0.0
1792,TX,METHAMPHETAMINE,81.0,1.7,2014,11,0.0
1794,AZ,METHAMPHETAMINE,98.0,3.1,2014,11,220.0
1795,KY,METHAMPHETAMINE,100.0,26.0,2014,11,0.0
1796,AZ,METHAMPHETAMINE,100.0,4400.0,2014,11,0.0
1797,SD,METHAMPHETAMINE,100.0,700.0,2014,11,0.0
1798,NE,METHAMPHETAMINE,0.0,28.0,2014,11,1000.0
1799,IA,METHAMPHETAMINE,100.0,25.0,2014,11,0.0
1800,GA,METHAMPHETAMINE,98.0,53.0,2014,11,1300.0
1801,AL,METHAMPHETAMINE,100.0,6.5,2014,11,0.0
1802,WA,METHAMPHETAMINE,98.0,220.0,2014,11,3500.0
1803,CA,METHAMPHETAMINE,1.0,360.0,2014,11,3500.0
1804,TX,METHAMPHETAMINE,56.0,28.0,2014,11,600.0
1805,CA,METHAMPHETAMINE,99.0,3.0,2014,11,0.0
1806,CA,METHAMPHETAMINE,99.0,1800.0,2014,11,0.0
1807,IL,METHAMPHETAMINE,100.0,2000.0,2014,11,0.0
1808,CA,METHAMPHETAMINE,97.0,14.0,2014,11,250.0
1809,TX,METHAMPHETAMINE,98.0,110.0,2014,11,0.0
1810,CA,METHAMPHETAMINE,98.0,220.0,2014,11,0.0
1811,AL,METHAMPHETAMINE,99.0,3.0,2014,11,2500.0
1812,FL,METHAMPHETAMINE,0.0,49.0,2014,11,0.0
1813,TX,METHAMPHETAMINE,75.0,27.0,2014,11,600.0
1814,FL,METHAMPHETAMINE,0.0,0.001,2014,11,0.0
1816,WA,METHAMPHETAMINE,97.0,1900.0,2014,12,0.0
1817,TX,METHAMPHETAMINE,99.0,1.4,2014,12,0.0
1818,HI,METHAMPHETAMINE,99.0,14.0,2014,12,600.0
1819,CA,METHAMPHETAMINE,99.0,500.0,2014,12,0.0
1820,HI,METHAMPHETAMINE,99.0,28.0,2014,12,1200.0
1821,CA,METHAMPHETAMINE,99.0,13.0,2014,12,200.0
1822,HI,METHAMPHETAMINE,98.0,56.0,2014,12,2000.0
1823,CA,METHAMPHETAMINE,99.0,220.0,2014,12,2200.0
1824,TX,METHAMPHETAMINE,98.0,24.0,2014,12,0.0
1825,NE,METHAMPHETAMINE,0.0,0.48,2014,12,0.0
1826,TX,METHAMPHETAMINE,99.0,0.49,2014,12,0.0
1827,FL,METHAMPHETAMINE,98.0,760.0,2014,12,0.0
1828,FL,METHAMPHETAMINE,41.0,3.4,2014,12,0.0
1829,CA,METHAMPHETAMINE,99.0,9800.0,2014,12,0.0
1830,NE,METHAMPHETAMINE,0.0,0.001,2014,12,0.0
1831,AL,METHAMPHETAMINE,100.0,28.0,2014,12,0.0
1832,NM,METHAMPHETAMINE,97.0,1700.0,2014,12,0.0
1833,WA,METHAMPHETAMINE,98.0,240.0,2014,12,0.0
1834,CA,METHAMPHETAMINE,98.0,0.7,2014,12,47.0
1835,TX,METHAMPHETAMINE,98.0,18.0,2014,12,0.0
1836,CO,METHAMPHETAMINE,99.0,1300.0,2014,12,0.0
1837,AL,METHAMPHETAMINE,95.0,450.0,2014,12,0.0
1838,CA,METHAMPHETAMINE,100.0,7.3,2014,12,0.0
1839,CA,METHAMPHETAMINE,100.0,1400.0,2014,12,0.0
1840,AZ,METHAMPHETAMINE,98.0,0.34,2014,12,40.0
1841,FL,METHAMPHETAMINE,98.0,8.7,2014,12,0.0
1842,WV,METHAMPHETAMINE,98.0,250.0,2014,12,0.0
1843,TX,METHAMPHETAMINE,99.0,340.0,2014,12,0.0
1844,CA,METHAMPHETAMINE,99.0,3.0,2014,12,0.0
1845,GA,METHAMPHETAMINE,0.0,0.001,2014,12,0.0
1846,TX,METHAMPHETAMINE,96.0,500.0,2014,12,0.0
1847,NE,METHAMPHETAMINE,0.0,14.0,2014,12,550.0
1848,FL,METHAMPHETAMINE,99.0,0.18,2014,12,0.0
1849,HI,METHAMPHETAMINE,100.0,0.055,2014,12,0.0
1850,CA,METHAMPHETAMINE,99.0,2500.0,2014,12,0.0
1851,TX,METHAMPHETAMINE,0.0,0.12,2014,12,0.0
1852,CA,METHAMPHETAMINE,100.0,3.1,2014,12,950.0
1853,AL,METHAMPHETAMINE,98.0,14.0,2014,12,650.0
1854,TX,METHAMPHETAMINE,99.0,3.0,2014,12,0.0
1855,KY,METHAMPHETAMINE,98.0,0.24,2014,12,0.0
1856,TX,METHAMPHETAMINE,100.0,4900.0,2014,12,0.0
1857,AZ,METHAMPHETAMINE,100.0,0.18,2014,12,60.0
1858,NE,METHAMPHETAMINE,0.0,0.08800000000000001,2014,12,0.0
1859,CA,METHAMPHETAMINE,79.0,5.0,2014,12,0.0
1860,KY,METHAMPHETAMINE,57.0,0.44,2014,12,0.0
1861,CA,METHAMPHETAMINE,0.0,0.001,2014,12,0.0
1862,KY,METHAMPHETAMINE,96.0,0.09699999999999999,2014,12,0.0
1863,CA,METHAMPHETAMINE,96.0,4500.0,2014,12,0.0
1864,CA,METHAMPHETAMINE,98.0,110.0,2014,12,2400.0
1865,TX,METHAMPHETAMINE,98.0,55.0,2014,12,1600.0
1866,NV,METHAMPHETAMINE,96.0,28.0,2014,12,800.0
1867,TX,METHAMPHETAMINE,57.0,27.0,2014,12,1400.0
1868,KY,METHAMPHETAMINE,98.0,0.12,2014,12,0.0
1869,CA,METHAMPHETAMINE,100.0,220.0,2014,12,2200.0
1870,GA,METHAMPHETAMINE,95.0,360.0,2014,12,0.0
1871,NM,METHAMPHETAMINE,98.0,1400.0,2014,12,0.0
1872,CA,METHAMPHETAMINE,100.0,0.74,2014,12,0.0
1873,KY,METHAMPHETAMINE,59.0,0.1,2014,12,0.0
1874,CA,METHAMPHETAMINE,98.0,2.3,2014,12,0.0
1875,MO,METHAMPHETAMINE,99.0,3500.0,2014,12,0.0
1876,TX,METHAMPHETAMINE,95.0,7700.0,2014,12,0.0
1877,TX,METHAMPHETAMINE,88.0,480.0,2014,12,0.0
1878,CA,METHAMPHETAMINE,98.0,6700.0,2014,12,0.0
1879,AZ,METHAMPHETAMINE,97.0,0.51,2014,12,100.0
1880,TX,METHAMPHETAMINE,99.0,0.23,2014,12,0.0
1881,MI,METHAMPHETAMINE,97.0,57.0,2014,12,0.0
1882,SD,METHAMPHETAMINE,100.0,84.0,2014,12,0.0
1883,KY,METHAMPHETAMINE,87.0,9.6,2014,12,0.0
1884,OK,METHAMPHETAMINE,81.0,820.0,2014,12,0.0
1885,WA,METHAMPHETAMINE,99.0,220.0,2014,12,3500.0
1886,TX,METHAMPHETAMINE,100.0,3.0,2014,12,0.0
1887,FL,METHAMPHETAMINE,99.0,55.0,2014,12,2200.0
1888,WA,METHAMPHETAMINE,96.0,56.0,2014,12,1500.0
1889,HI,METHAMPHETAMINE,91.0,1.1,2014,12,0.0
1890,TX,METHAMPHETAMINE,99.0,2.9,2014,12,0.0
1891,TX,METHAMPHETAMINE,90.0,540.0,2014,12,0.0
1892,KY,METHAMPHETAMINE,78.0,5.5,2014,12,0.0
1893,IA,METHAMPHETAMINE,100.0,56.0,2014,12,2900.0
1894,TX,METHAMPHETAMINE,99.0,220.0,2014,12,2800.0
1895,AZ,METHAMPHETAMINE,98.0,0.32,2014,12,120.0
1896,AZ,METHAMPHETAMINE,98.0,98.0,2014,12,0.0
1898,MT,METHAMPHETAMINE,100.0,21.0,2014,12,0.0
1899,FL,METHAMPHETAMINE,100.0,1.5,2014,12,0.0
1900,TX,METHAMPHETAMINE,99.0,33.0,2014,12,0.0
1901,TX,METHAMPHETAMINE,99.0,110.0,2014,12,3200.0
1902,CA,METHAMPHETAMINE,100.0,87.0,2014,12,0.0
1903,TX,METHAMPHETAMINE,100.0,1700.0,2014,12,0.0
1904,AZ,METHAMPHETAMINE,72.0,0.93,2014,12,200.0
1905,MS,METHAMPHETAMINE,99.0,56.0,2014,12,2200.0
1906,CA,METHAMPHETAMINE,99.0,440.0,2014,12,0.0
1907,TX,METHAMPHETAMINE,100.0,8700.0,2014,12,0.0
1908,MT,METHAMPHETAMINE,98.0,2.7,2014,12,0.0
1909,AR,METHAMPHETAMINE,99.0,4.6,2014,12,0.0
1910,CA,METHAMPHETAMINE,51.0,2.6,2014,12,0.0
1911,CA,METHAMPHETAMINE,0.0,7200.0,2014,12,0.0
1912,AZ,METHAMPHETAMINE,97.0,0.11,2014,12,10.0
1913,KY,METHAMPHETAMINE,64.0,4.3,2014,12,0.0
1914,TX,METHAMPHETAMINE,97.0,3.0,2014,12,0.0
1915,CA,METHAMPHETAMINE,100.0,55.0,2014,12,950.0
1916,AL,METHAMPHETAMINE,99.0,79.0,2014,12,0.0
1917,NE,METHAMPHETAMINE,99.0,2.9,2014,12,550.0
1918,AZ,METHAMPHETAMINE,98.0,5300.0,2014,12,0.0
1919,NV,METHAMPHETAMINE,97.0,14.0,2014,12,0.0
1920,MO,METHAMPHETAMINE,100.0,2.9,2014,12,0.0
